ID,x1,x2,x3,x4,x5,x6,x7,x8,x9,x10,x11,x12,x13,x14,x15,x16
1,4,2,2,3,1,1,1,1,4,2,5,2,1,4,1,1
2,3,3,3,3,3,4,4,4,5,5,6,4,4,5,4,2
3,4,4,4,3,5,5,4,4,5,5,5,5,2,5,2,1
4,4,3,4,5,3,3,5,4,5,5,6,4,5,4,3,3
5,3,4,4,4,3,2,4,3,3,4,4,3,3,3,3,2
6,3,3,4,4,3,3,4,4,4,4,4,4,4,4,4,3
7,3,3,3,4,3,3,5,3,5,5,5,4,3,3,3,3
8,3,3,4,4,5,5,5,3,3,4,4,4,3,5,3,2
9,3,3,3,3,3,3,4,2,3,3,3,3,3,3,3,3
10,4,4,4,3,3,3,3,4,4,4,4,4,3,4,3,4
11,1,1,2,1,2,4,4,2,3,2,4,1,1,1,2,1
12,4,4,4,4,4,4,3,4,4,4,4,3,3,4,4,4
13,3,3,3,3,3,1,5,5,5,5,6,1,1,1,1,1
14,4,4,4,4,4,4,4,4,4,4,4,4,4,4,4,4
15,3,3,4,5,4,4,4,4,5,6,6,4,4,5,4,4
16,4,1,1,1,2,1,3,3,3,3,2,3,2,2,1,1
17,3,3,4,3,4,3,4,5,4,3,3,3,3,3,4,2
18,4,5,4,1,3,6,6,1,4,5,6,6,2,2,1,1
19,4,4,4,1,3,2,2,2,2,3,5,1,1,4,1,2
20,4,4,1,3,1,1,1,1,2,4,1,1,1,1,1,2
21,5,6,5,5,2,2,2,2,2,5,6,3,1,1,1,1
22,4,4,5,4,4,4,6,4,4,6,6,4,4,4,2,2
23,3,5,2,1,1,1,1,1,1,1,6,1,1,1,1,1
24,4,4,4,3,2,1,1,4,1,5,2,3,1,1,1,1
25,3,3,3,3,3,3,3,3,3,3,3,3,3,3,3,3
26,1,1,1,1,1,1,4,1,1,1,4,1,1,4,1,1
27,4,3,2,2,2,2,2,2,2,4,2,2,2,2,2,2
28,3,2,4,2,2,4,5,5,5,6,5,2,3,4,2,1
29,3,3,3,3,3,3,3,3,3,4,4,3,3,3,3,4
30,6,6,5,2,2,4,4,1,6,6,6,1,1,6,1,1
31,3,3,4,5,3,3,5,4,5,5,6,3,3,4,5,1
32,3,3,3,3,3,3,5,3,5,5,4,4,4,4,5,2
33,4,4,5,5,2,3,5,3,4,2,5,3,2,2,4,5
34,3,3,3,3,3,3,5,3,3,3,5,3,3,3,5,2
35,4,3,2,3,3,4,5,3,2,3,4,3,2,2,3,1
36,1,1,1,1,1,1,1,1,6,6,6,1,1,1,1,1
37,3,3,4,3,4,3,3,5,4,4,3,4,4,3,4,4
38,4,3,4,4,2,1,6,3,4,5,4,4,2,5,3,2
39,4,3,3,4,3,3,4,3,3,4,4,3,3,3,3,3
40,2,2,2,2,2,2,5,4,2,2,2,2,2,2,3,2
41,3,3,5,1,4,1,4,1,5,6,4,1,1,4,4,4
42,3,3,3,3,3,3,3,3,3,3,4,3,3,3,3,3
43,3,2,3,2,4,3,4,5,4,5,5,2,3,5,5,2
44,2,2,1,1,2,2,5,4,3,4,5,5,1,5,4,2
45,2,2,3,4,3,1,4,4,2,4,4,2,1,1,5,1
46,3,2,4,5,4,3,5,4,3,5,5,4,2,3,4,3
47,4,4,4,4,5,5,4,5,5,5,6,6,5,5,3,2
48,3,3,3,4,3,3,5,3,4,5,4,3,3,4,3,2
49,3,3,2,4,2,1,4,4,5,5,6,4,3,3,4,4
50,4,3,3,4,3,4,4,5,4,4,3,4,5,5,4,4
51,3,3,3,3,3,3,4,4,3,6,6,3,3,3,3,2
52,6,4,2,1,2,2,6,2,2,6,4,4,2,2,2,2
53,2,2,1,3,1,1,3,1,1,1,3,2,1,1,1,1
54,5,4,5,5,4,3,6,5,5,5,5,4,4,5,4,4
55,6,5, ,5,3,3,4,3,3,3,3,4,3,3,5,4
56,4,4,4,4,3,3,5,4,4,4,4,4,4,4,5,3
57,4,4,4,4,2,2,5,4,2,3,4,3,3,3,3,1
58,3,3,3,4,3,3,4,4,4,5,5,4,3,3,5,3
59,5,5,4,5,2,1,6,4,2,4,5,3,3,3,4,2
60,5,4,4,4,3,3,5,5,5,5,5,3,3,3,3,1
61,6,6,4,6,5,6,5,6,5,6, ,1,6,1,6,6
62,4,4,4,4,4,4,5,2,2,3,5,2,2,2,2,2
63,4,4,4,4,4,4,5,4,5,4,4,2,2,2,2,2
64,2,2,2,2,2,2,2,2,2,2,2,2,2,2,2,2
65,3,3,3,4,3,2,5,5,3,2,5,2,3,3,3,3
66,3,2,2,3,2,2,5,4,3,2,2,2,3,3,2,1
67,4,4,5,3,2,1,5,5,3,2,4,3,2,2,2,2
68,2,2,2,2,2,2,4,2,2,2,2,2,2,2,2,2
69,2,2,2,4,2,2,5,5,5,3,5,4,5,3,5,2
70,6,6,5,3,4,1,5,6,4,3,3,3,3,3,3,2
71,1,1,1,4,3,1,5,3,3,3,6,6,3,3,3,3
72,4,3,2,3,4,3,3,2,3,4,3,2,2,3,3,1
73,3,3,3,3,3,3,3,3,3,3,3,3,3,3,4,3
74,1,2,1,1,2,1,1,1,3,2,6,5,5,5,3,4
75,4,3,5,4,4,6,5,4,4,3,4,5,5,6,5,5
76,4,2,4,5,2,1,2,2,2,3,4,2,2,2,1,1
77,3,3,3,4,3,3,3,3,3,3,3,3,3,3,3,3
78,5,4,3,4,3,4,5,3,2,3,5,3,2,4,1,1
79,5,5,5,4,4,5,6,4,5,4,5,5,3,5,3,3
80,4,4,4,2,4,5,3,3,3,4,4,4,3,5,2,1
81,3,3,3,3,3,3,3,3,3,3,3,3,3,3,3,3
82,3,3,3,3,3,4,2,2,2,2,3,4,2,4,4,1
83,4,4,5,4,6,6,3,3,5,4,6,5,3,5,3,2
84,4,3,4,2,4,5,4,2,3,3,2,5,2,6,4,1
85,4,4,4,4,4,5,3,4,5,4,6,5,3,5,5,2
86,1,2,1,4,1,1,1,1,1,1,5,1,1,1,1,1
87,4,4,5,4,4,6,5,4,5,4,4,4,4,5,5,6
88,5,5,5,3,5,5,4,4,4,4,5,5,5,5,4,4
89,3,3,3,3,4,4,2,4,4,3,3,5,3,3,4,6
90,4,3,3,3,4,5,4,4,5,3,4,4,3,4,5,3
91,3,4,2,3,4,3,3,4,4,4,3,4,2,4,5,5
92,3,3,4,4,4,5,5,3,5,5,5,4,4,5,3,4
93,4,3,4,3,4,4,3,3,4,3,4,3,3,3,3,4
94,3,3,4,3,4,4,3,4,4,3,3,6,3,4,4,5
95,3,3,3,3,3,3,4,3,4,3,3,3,3,3,3,2
96,3,3,3,2,3,3,3,3,4,3,3,4,3,4,2,1
97,4,3,5,3,5,5,4,6,5,4,4,4,5,5,5,4
98,3,4,4,1,4,5,4,4,4,3,3,6,3,4,4,1
99,4,4,4,3,5,5,5,6,6,4,4,4,4,4,4,2
100,2,2,3,4,5,4,3,4,4,4,4,4,3,4,4,3
101,5,5,3,3,4,4,2,4,2,2,2,4,2,4,2,2
102,4,5,4,3,4,3,3,3,4,3,4,4,3,3,3,3
103,5,5,3,1,3,2,2,1,2,5,6,1,1,4,1,4
104,6,6,6,4,6,3,1,1,1,5,6,6,5,6,2,1
105,4,4,4,1,2,2,2,2,5,5,2,2,2,2,2,2
106,4,5,5,5,5,6,3,4,3,6,6,6,3,6,3,4
107,2,2,2,5,5,5,5,2,5,4,5,5,5,5,5,2
108,3,3,4,3,3,4,2,3,3,5,5,3,3,4,3,3
109,1,1,6,6,4,1,6,1,1,1,1,1,1,6,1,1
110,5,6,5,5,4,6,5,5,3,5,4,4,5,6,4,4
111,3,4,2,3,1,3,2,4,3,2,4,5,4,1,2,4
112,6,4,2,5,5,5,1,1,1,1,2,2,4,6,1,1
113,3,3,3,1,3,3,2,1,2,5,5,3,3,5,1,1
114,4,4,4,1,4,4,2,2,2,3,4,3,3,4,4,4
115,4,4,4,3,3,2,2,2,2,3,4,3,2,3,2,3
116,4,4,4,5,3,5,3,3,3,3,5,3,3,3,3,3
117,4,4,4,4,4,4,4,4,4,6,4,2,3,3,3,4
118,5,5,5,3,3,5,5,3,4,5,4,2,2,6,1,1
119,3,3,3,3,3,3,3,3,3,3,3,3,3,3,3,3
120,4,4,3,1,4,5,1,1,2,1,3,2,2,4,1,1
121,4,5,5,4,6,4,3,4,3,3,3,4,3,4,4,4
122,3,3,4,4,4,4,3,4,5,5,4,4,5,4,5,5
123,2,1,1,1,2,2,2,2,2,2,4,4,4,4,3,1
124,4,4,4,4,4,4,4,3,3,3,4,4,3,5,3,2
125,4,3,4,3,3,3,3,4,3,2,3,4,4,3,3,3
126,4,5,5,5,4,4,4,4,5,4,5,5,5,5,4,4
127,4,4,5,3,4,4,4,4,3,3,3,4,3,4,3,4
128,3,3,3,3,5,4,3,4,5,4,3,4,4,4,4,5
129,4,3,3,3,3,4,4,3,4,4,4,3,3,3,4,3
130,5,5,5,3,5,5,5,5,5,5,5,5,2,2,4,4
131,4,4,4,3,4,4,3,4,4,4,4,3,3,4,4,4
132,4,5,2,5,2,4,2,5,4,2,5,4,5,3,2,5
133,2,2,2,2,4,4,3,3,4,3,3,4,4,4,2,2
134,5,5,5,2,4,5,3,6,6,6,3,4,4,4,4,5
135,1,1,3,4,6,1,1,1,1,2,4,3,1,2,4,1
136,4,4,4,4,4,4,4,4,4,4,4,4,4,4,4,4
137,3,3,3,3,3,4,4,4,4,4,4,4,4,4,4,4
138,4,3,3,2,3,4,4,3,3,2,3,4,6,5,4,4
139,3,4,2,3,5,5,4,4,4,3,4,5,3,4,3,3
140,3,3,3,3,4,3,3,4,4,3,3,3,3,4,3,3
141,4,4,4,2,6,4,2,3,3,3,3,3,3,4,1,3
142,4,3,4,4,4,5,5,3,5,3,3,5,5,5,5,4
143,3,2,2,2,4,3,3,3,4,3,4,3,3,3,3,3
144,5,6,6,4,5,4,4,4,4,4,4,4,5,5,4,4
145,4,4,4,4,4,4,4,4,4,4,4,3,3,3,3,3
146,5,5,5,3,5,5,4,4,4,4,5,5,4,4,5,4
147,3,3,3,3,4,4,3,3,4,4,4,5,2,2,5,3
148,4,4,4,3,4,4,5,4,4,4,3,2,4,4,3,4
149,3,3,4,3,4,3,3,3,3,3,3,3,3,4,4,5
150,5,5,5,2,4,6,6,5,6,6,6,4,4,6,5,2
151,4,4,4,3,3,3,4,3,3,3,4,4,3,3,3,3
152,3,3,3,3,2,4,3,4,4,3,3,2,3,2,3,1
153,3,3,3,3,3,3,3,4,3,3,3,3,3,3,3,2
154,1,1,1,1,1,1,2,1,2,1,1,1,1,1,1,1
155,2,3,2,1,1,1,2,2,2,2,1,1,1,2,3,3
156,3,3,4,3,4,4,3,4,4,4,4,5,4,5,3,3
157,3,3,3,4,5,4,2,4,4,4,5,4,4,5,4,1
158,4,4,5,4,5,5,4,5,5,5,4,3,4,5,4,3
159,5,5,3,5,5,6,2,4,5,3,5,5,2,4,2,2
160,3,3,3,3,3,3,3,3,3,3,3,3,3,3,3,3
161,3,3,4,3,4,4,3,4,4,4,4,5,4,5,3,3
162,3,3,3,3,3,3,3,3,3,4,3,3,3,3,3,3
163,1,1,1,1,1,1,1,1,1,1,1,1,1,1,1,1
164,4,4,4,3,4,4,3,4,4,3,3,3,3,3,4,4
165,1,1,4,1,4,3,1,5,4,1,1,4,2,4,1,1
166,4,5,5,5,4,4,4,4,4,4,4,4,4,4,4,4
167,4,5,4,6,6,6,3,3,3,5,6,3,3,5,3,3
168,4,5,5,3,5,4,1,1,3,4,4,4,3,5,4,1
169,5,5,5,5,4,6,6,4,6,4,5,6,4,5,5,3
170,4,4,4,4,4,5,5,3,5,4,6,3,2,5,4,2
171,3,3,3,3,3,3,3,4,3,3,3,4,3,3,3,3
172,4,3,4,4,4,4,3,4,4,4,4,3,4,4,4,4
173,3,3,3,3,3,4,3,3,3,3,4,3,3,3,3,3
174,4,4,4,4,4,4,4,4,4,4,4,4,4,4,4,4
175,3,2,2,2,4,4,4,3,3,2,3,4,4,4,4,1
176,5,5,4,5,5,4,5,4,4,5,4,3,4,4,2,1
177,4,4,3,1,3,2,2,2,2,3,5,4,3,3,1,4
178,5,5,5,6,5,5,4,5,6,5,5,5,5,5,4,5
179,4,3,3,3,5,5,3,3,3,3,5,3,3,5,2,2
180,4,4,4,2,2,3,1,1,1,1,1,1,1,1,1,1
181,4,5,3,4,4,4,5,5,6,4,5,5,5,4,4,4
182,3,3,3,3,5,5,3,3,4,5,5,2,3,5,2,2
183,4,4,4,5,5,4,3,5,5,4,4,5,3,3,4,3
184,6,5,5,5,5,5,5,5,6,5,6,5,5,5,5,1
185,4,4,5,3,5,5,4,4,5,3,4,5,5,5,3,1
186,3,3,3,3,3,4,4,4,4,4,4,4,4,4,4,4
187,4,4,5,4,5,5,4,5,5,4,5,5,4,5,4,4
188,4,4,4,4,4,4,4,4,4,4,4,4,4,4,4,4
189,3,3,3,2,4,4,3,3,4,3,2,2,2,2,2,1
190,3,3,3,3,3,3,3,3,3,3,3,3,4,3,4,2
191,4,4,4,4,5,3,3,4,3,4,4,6,4,5,3,4
192,4,3,4,4,4,4,4,4,4,2,4,2,2,4,3,1
193,1,1,1,1,1,1,1,1,1,1,1,1,1,1,1,1
194,4,3,4,3,4,5,3,4,5,1,2,3,4,3,4,1
195,4,4,3,4,3,4,3,4,4,3,3,3,2,2,2,2
196,3,3,4,2,4,4,4,5,5,1,3,3,4,4,4,1
197,5,5,5,2,5,5,2,5,5,2,5,5,5,5,2,2
198,1,1,1,1,1,1,1,1,1,1,1,1,1,1,1,1
199,3,3,2,3,2,3,3,3,2,3,3,2,2,3,3,3
200,4,3,4,3,4,4,3,4,4,2,2,3,3,2,3,1
201,6,5,5,5,5,6,4,5,5,5,6,4,4,4,4,1
202,3,3,3,3,3,3,3,3,4,3,3,3,3,3,3,3
203,3,3,3,3,3,3,3,4,3,3,3,3,3,3,3,2
204,5,4,3,2,5,5,3,6,5,1,4,6,5,6,1,1
205,4,3,3,4,4,4,4,3,3,3,4,4,3,4,3,3
206,4,5,4,6,6,6,6,4,6,6,6,6,4,4,4,5
207,5,5,5,5,5,5,5,5,5,3,5,3,3,5,3,3
208,4,5,4,4,4,4,5,5,5,4,5,5,5,4,3,3
209,5,4,5,3,5,3,6,4,3,3,3,1,1,1,1,1
210,4,3,3,4,3,2,2,2,2,2,2,1,1,1,1,1
211,5,5,5,4,4,4,4,4,2,5,5,3,3,3,3,3
212,5,5,5,5,5,5,5,5,5,5,5,5,5,5,5,1
213,3,3,3,3,3,3,5,3,3,4,5,3,3,4,4,3
214,4,4,4,4,2,2,4,2,4,4,4,4,2,3,3,1
215,5,5,5,6,5,5,5,5,5,5,6,3,5,6,1,1
216,3,3,3,4,3,3,4,3,3,3,3,3,3,3,3,3
217,5,5,5,5,5,5,5,5,5,5,5,5,5,5,3,3
218,4,3,4,4,3,4,3,3,4,4,5,3,3,3,3,3
219,4,4,4,4,3,3,5,3,4,4,4,3,2,2,2,2
220,3,3,4,4,1,1,4,2,3,4,5,1,1,1,3,1
221,4,4,4,5,5,4,4,4,4,5,5,4,3,5,2,2
222,5,5,5,5,5,5,5,5,5,5,5,2,5,5,2,2
223,5,3,4,4,3,4,4,4,4,4,4,4,4,3,4,4
224,5,4,4,4,4,4,4,4,5,4,6,4,4,4,3,3
225,6,6,6,6,6,6,6,6,6,6,6,6,6,6,6,6
226,3,3,3,3,3,3,4,4,4,4,4,3,3,3,3,4
227,4,3,4,4,4,5,5,5,5,5,5,4,4,5,4,4
228,3,3,3,4,3,3,4,3,3,3,3,3,3,3,3,3
229,3,3,3,3,3,3,3,4,3,2,3,2,2,2,2,1
230,2,2,2,4,2,1,5,5,2,1,4,1,1,4,4,1
231,5,2,5,5,2,2,2,5,2,2,2,2,2,2,1,1
232,3,4,3,2,2,1,1,1,3,4,3,3,2,3,1,1
233,5,4,5,4,5,3,5,5,4,5,6,4,4,4,4,3
234,4,3,4,3,4,4,4,3,4,3,4,4,3,4,4,4
235,3,3,3,4,2,2,4,5,2,2,3,3,2,4,2,2
236,3,3,3,3,3,3,3,3,3,3,3,3,3,3,3,3
237,3,3,3,3,3,3,5,2,2,5,3,2,2,2,5,2
238,5,1,4,4,2,2,4,4,4,3,3,3,3,3,3,3
239,6,3,4,4,5,5,3,4,4,3,2,5,5,4,4,3
240,4,3,3,4,3,2,5,4,4,5,5,4,3,4,3,2
241,2,2,2,2,2,2,2,2,2,2,2,2,2,2,2,2
242,4,3,3,3,3,3,4,3,4,4,4,3,3,3,3,3
243,6,6,6,5,4,3,5,4,4,4,6,5,3,5,2,1
244,4,4,4,4,2,2,2,3,3,5,4,2,1,2,1,1
245,1,5,2,3,4,3,3,2,4,4,3,2,5,3,6,5
246,3,3,3,3,3,3,3,3,3,3,3,3,3,3,3,3
247,5,4,5,6,5,4,5,4,5,5,3,4,3,2,3,3
248,4,1,1,4,1,1,4,1,4,4,5,1,1,2,1,1
249,2,2,2,4,2,3,5,2,3,4,3,4,2,5,2,2
250,3,3,3,3,3,3,5,3,3,4,3,3,3,3,3,3
251,3,4,4,5,5,3,4,3,4,4,4,3,3,5,4,4
252,2,2,2,3,2,2,5,2,3,3,5,2,2,3,3,2
253,4,4,4,4,4,4,5,5,4,5,3,3,3,3,3,6
254,3,3,3,3,3,2,4,3,2,3,4,1,1,1,3,2
255,3,3,3,5,3,5,5,3,5,5,5,2,3,3,2,2
256,2,2,2,2,2,2,2,2,2,2,2,2,2,4,4,2
257,5,4,4,2,5,5,3,3,4,2,5,3,3,4,3,2
258,2,2,2,2,3,4,3,3,3,3,3,4,2,4,2,4
259,4,3,3,3,4,5,6,6,5,6,6,6,4,4,3,6
260,3,3,4,3,4,4,4,3,5,4,4,5,4,4,5,4
261,4,4,4,3,4,4,4,5,5,5,5,5,4,4,4,4
262,3,3,3,3,3,4,3,3,4,3,4,4,4,4,4,3
263,2,5,2,2,5,5,5,2,4,5,6,3,2,2,2,2
264,4,4,5,4,4,4,5,4,6,6,6,5,4,4,3,3
265,4,3,4,4,4,4,4,4,3,4,3,4,3,3,3,2
266,5,5,5,5,5,5,4,2,5,5,6,3,3,4,1,1
267,3,2,2,3,3,4,3,2,2,4,4,3,3,4,2,2
268,4,5,4,1,6,6,5,6,6,6,5,5,4,5,6,6
269,4,4,3,4,4,6,4,3,6,3,5,3,4,4,3,3
270,5,5,5,5,5,5,5,5,5,5,6,5,4,5,4,5
271,5,6,4,6,4,3,4,2,5,4,6,5,3,4,5,4
272,5,5,4,3,5,6,2,5,5,3,3,5,5,5,3,6
273,4,4,4,3,4,4,3,3,4,4,4,4,3,3,3,3
274,5,5,5,6,3,4,4,5,4,3,6,4,4,4,5,5
275,4,4,4,4,5,3,3,5,4,4,4,3,3,3,4,4
276,3,3,4,3,4,6,6,6,4,6,5,1,4,1,6,6
277,5,5,5,6,5,6,6,4,6,4,6,4,6,6,4,6
278,3,3,3,3,4,4,4,4,5,3,3,4,4,5,4,3
279,4,3,6,2,2,2,2,2,5,3,2,2,3,5,3,3
280,4,4,4,4,4,4,4,4,4,4,4,4,4,4,4,4
281,4,5,5,5,5,4,3,3,5,3,3,3,4,4,2,2
282,5,4,5,6,5,4,5,5,6,5,5,6,5,5,6,6
283,3,4,3,4,3,4,5,5,5,4, ,3,4,4,5,4
284,4,4,4,5,3,4,5,3,4,5,5,3,3,3,3,1
285,2,2,1,4,2,1,5,2,5,5,6,5,3,4,2,1
286,3,2,2,4,2,2,5,3,3,4,5,2,2,2,3,1
287,4,4,4,4,4,4,4,4,4,4,4,3,3,4,4,4
288,2,2,2,2,2,2,4,2,2,2,4,2,2,2,2,2
289,5,5,5,6,5,4,4,5,5,4,4,4,4,4,4,4
290,4,4,4,4,4,4,4,4,4,4,4,4,4,4,4,4
291,3,3,3,3,3,3,3,3,3,4,4,3,3,3,3,3
292,3,3,3,3,3,3,3,3,4,4,4,3,3,4,3,3
293,1,4,4,6,2,2,4,1,1,6,6,1,1,6,1,1
294,3,3,3,4,3,3,6,4,4,3,4,3,3,3,4,3
295,4,4,4,4,4,4,4,4,4,4,4,4,4,4,4,4
296,4,4,3,3,3,3,4,3,3,3,3,3,3,4,3,3
297,6,4,2,4,1,1,6,2,3,5,5,3,3,3,2,1
298,5,5,3,5,4,2,5,2,4,5,5,2,2,2,2,2
299,2,2,2,2,2,2,3,2,2,3,3,2,1,1,1,1
300,4,4,3,2,3,2,4,3,3,4,3,3,3,4,3,3
301,2,2,2,2,1,3,2,2,1,2,1,1,1,1,1,1
302,3,3,3,3,3,3,3,3,4,4,4,3,3,4,4,4
303,5,5,5,5,2,2,4,6,6,6,6,6,2,4,6,6
304,3,3,3,3,3,3,5,3,3,3,3,3,3,3,3,3
305,2,2,2,2,2,2,6,2,2,2,2,2,2,2,2,1
306,5,5,5,3,3,4,4,3,3,5,6,3,3,4,2,4
307,6,6,5,6,4,3,2,4,3,4,5,4,3,6,4,2
308,3,3,3,3,3,3,3,3,3,3,3,3,3,3,3,3
309,4,5,5,4,5,5,4,5,5,4,5,4,5,5,5,5
310,3,3,3,3,3,3,3,3,3,3,3,3,3,3,3,3
311,4,4,5,5,5,6,6,3,6,6,6,5,4,5,3,4
312,5,4,4,3,4,5,3,4,4,3,4,4,3,4,2,2
313,3,3,4,2,3,3,3,3,3,3,4,4,5,5,4,4
314,4,4,5,4,4,4,6,4,4,4,4,3,3,5,5,2
315,6,6,5,5,6,6,4,4,5,6,6,5,5,6,4,4
316,4,4,4,3,4,4,2,3,4,4,5,4,2,5,2,2
317,5,3,3,3,4,5,6,4,4,6,6,4,3,5,2,2
318,5,5,3,5,5,5,2,1,3,5,3,5,4,3,4,1
319,2,2,2,2,2,2,2,3,2,2,2,2,2,4,2,2
320,6,6,6,6,5,5,4,6,5,4,3,4,5,5,5,5
321,5,5,5,6,6,6,6,3,4,2,3,3,2,2,1,4
322,5,5,5,3,3,5,2,2,3,2,3,2,2,3,2,1
323,4,4,4,3,4,4,4,4,4,4,4,4,4,4,3,4
324,4,3,4,3,4,5,5,4,6,3,3,5,3,3,3,3
325,5,4,5,4,5,5,4,5,5,4,4,5,5,5,4,6
326,3,3,3,3,3,3,3,3,3,3,3,3,3,3,3,3
327,4,4,4,4,4,3,3,3,4,3,2,2,2,3,3,3
328,3,3,3,3,6,5,5,6,5,1,3,3,3,3,4,1
329,2,2,4,4,4,2,2,2,4,2,2,3,2,2,2,2
330,3,3,3,3,3,2,5,2,4,4,6,3,2,5,3,1
331,4,4,4,4,4,4,4,4,4,4,4,4,4,4,4,4
332,4,3,3,4,4,4,5,4,5,4,3,4,3,5,3,3
333,4,4,4,5,5,3,5,4,5,5,5,3,3,3,4,2
334,5,5,5,1,2,2,2,4,3,5,5,2,2,3,2,2
335,6,6,5,3,4,3,5,6,6,6,6,4,5,6,1,3
336,4,4,4,3,3,2,4,2,4,5,6,5,3,5,3,3
337,4,2,4,3,3,1,4,3,3,4,4,2,2,4,2,1
338,4,4,5,5,4,5,6,5,4,5,4,5,3,2,3,1
339,1,1,1,1,1,1,4,1,1,1,4,1,1,1,1,1
340,2,2,2,4,2,2,4,1,3,3,4,5,2,2,1,1
341,3,3,3,4,3,2,4,4,3,4,4,3,3,3,4,3
342,3,3,4,2,3,3,3,3,2,2,4,3,4,5,3,2
343,4,3,3,3,3,3,3,3,3,3,3,3,3,3,3,3
344,4,5,5,1,4,2,2,2,5,4,4,3,3,3,3,3
345,5,5,5,5,5,1,2,4,3,1,3,3,1,3,1,1
346,4,4,4,4,3,3,3,4,4, ,3,3,4,4,4,4
347,4,4,4,4,3,1,3,1,2,2,4,3,3,3,1,1
348,4,5,3,2,2,3,1,1,1,2,5,5,2,5,1,3
349,4,4,4,4,3,5,3,4,3,3,5,3,3,3,3,3
350,1,3,3,1,5,4,4,5,6,5,5,3,4,5,5,3
351,4,3,4,2,4,3,3,3,4,4,4,3,3,3,3,3
352,4,4,4,3,4,5,5,4,4,4,6,5,4,5,4,2
353,2,2,3,3,4,4,2,2,5,5,5,5,5,5,3,2
354,3,3,4,4,4,3,4,2,4,4,4,4,3,3,3,3
355,4,4,5,4,5,5,4,5,5,5,6,5,5,4,4,3
356,2,3,2,3,2,3,4,4,3,4,4,5,3,4,3,3
357,1,1,4,1,1,1,1,1,1,1,5,4,1,1,1,1
358,4,4,3,3,5,5,2,2,3,5,5,3,2,4,4,3
359,4,4,3,4,5,5,4,4,5,4,4,5,4,4,5,3
360,3,3,4,3,4,3,4,4,4,3,3,4,3,3,3,3
361,4,4,3,3,4,4,4,4,5,4,6,5,5,5,5,3
362,4,4,4,3,4,5,4,5,4,4,4,4,3,5,4,3
363,3,3,3,2,4,4,2,2,4,1,3,4,3,4,3,1
364,2,2,3,3,3,4,4,4,5,5,5,5,4,4,5,1
365,3,3,3,3,2,2,1,3,2,1,3,1,1,1,1,1
366,1,1,1,1,1,1,1,1,1,1,1,1,1,1,1,1
367,4,4,3,3,4,3,5,4,4,5,5,4,2,4,2,2
368,3,4,5,5,4,4,5,5,4,5,4,3,4,2,4,3
369,3,4,4,1,1,1,3,3,4,5,5,2,2,4,2,3
370,5,5,5,3,3,2,2,2,2,4,4,3,2,2,2,2
371,4,4,4,4,3,2,2,2,2,4,4,2,2,2,2,2
372,2,1,1,1,1,1,2,1,1,1,1,1,1,1,1,1
373,5,5,5,6,1,1,6,5,5,4,5,4,1,6,2,1
374,3,3,4,3,3,3,4,3,4,4,4,3,3,3,3,3
375,3,3,4,4,3,2,3,2,4,4,4,3,1,3,3,1
376,3,3,3,3,3,3,4,3,3,3,3,4,3,3,3,3
377,3,3,4,4,3,2,4,3,3,3,4,3,2,2,3,2
378,2,2,3,3,2,2,3,2,2,3,3,2,2,2,2,2
379,3,3,3,4,4,3,4,4,4,4,3,4,3,4,3,3
380,4,3,4,4,4,3,5,4,4,5,4,4,3,4,3,4
381,1,1,1,1,1,1,1,1,1,1,1,1,1,1,1,1
382,5,5,4,4,4,3,6,3,3,2,2,2,1,1,1,1
383,4,4,3,5,4,4,3,4,4,4,4,3,4,4,5,4
384,3,2,2,4,2,1,5,4,2,1,2,2,2,5,3,1
385,3,2,2,3,2,2,5,4,3,3,3,3,3,3,4,4
386,2,2,2,4,2,1,3,3,3,2,4,4,2,3,3,1
387,2,2,2,2,5,4,5,4,5,3,4,4,5,6,6,2
388,4,4,5,6,6,5,5,5,4,3,4,5,2,4,3,4
389,4,5,4,1,4,4,4,4,4,4,4,4,3,4,4,5
390,4,3,5,5,4,4,5,4,5,4,5,4,5,5,3,1
391,4,3,4,2,3,3,3,4,3,3,3,3,2,3,3,2
392,4,4,5,5,5,4,5,5,5,4,6,5,5,5,4,3
393,2,3,3,4,4,4,5,3,4,4,3,3,3,5,3,4
394,2,2,2,2,2,2,2,2,2,2,2,2,2,2,2,2
395,3,4,3,5,3,2,4,3,3,2,3,4,3,3,4,3
396,3,3,3,3,3,3,3,3,3,3,3,3,3,3,3,3
397,5,5,5,4,3,3,2,3,5,2,2,5,5,5,2,2
398,1,1,1,1,1,1,1,1,3,4,4,5,3,6,1,1
399,2,2,2,4,2,1,3,3,2,4,3,2,2,3,2,1
400,4,3,2,4,2,4,5,4,5,5,5,5,4,4,5,3
401,4,4,4,2,2,2,4,2,2,4,4,2,2,4,2,2
402,4,4,4,3,2,3,3,3,3,4,5,2,1,1,1,4
403,4,5,5,2,2,2,4,2,2,4,5,2,2,4,2,2
404,4,4,3,5,4,5,5,4,5,4,3,4,5,4,5,5
405,5,4,5,5,5,4,5,4,4,5,5,4,4,4,2,2
406,5,5,5,4,4,5,5,4,5,5,5,2,2,1,1,1
407,3,3,4,3,3,3,4,2,3,3,4,3,2,2,2,1
408,3,3,3,3,3,3,3,4,3,3,4,3,2,4,3,3
409,2,4,4,2,4,4,2,1,3,4,6,3,2,6,1,1
410,1,1,1,1,1,1,1,1,1,1,1,1,1,1,1,1
411,4,4,4,4,4,5,5,4,4,4,5,5,4,5,4,2
412,5,5,4,3,4,5,4,3,4,4,5,4,3,4,5,4
413,4,3,4,5,4,3,4,5,4,4,3,4,4,3,4,5
414,5,5,3,3,3,4,4,2,3,3,4,3,2,2,2,2
415,4,4,4,3,4,4,4,4,4,3,4,3,4,4,3,4
416,3,3,3,2,3,3,3,2,3,2,3,3,3,3,3,3
417,3,4,3,3,4,4,5,3,4,3,4,3,3,4,3,2
418,3,2,2,3,3,3,1,2,4,1,3,4,3,3,4,1
419,3,3,4,2,3,3,3,4,4,2,4,3,3,3,3,3
420,1,1,1,1,3,1,1,4,4,1,1,1,1,1,1,1
421,3,3,5,2,2,2,4,4,4,5,6,3,2,4,3,3
422,6,6,1,1,1,1,1,3,1,6,4,3,2,3,1,2
423,4,4,4,4,4,5,5,2,3,4,5,2,2,5,5,2
424,4,5,5,3,4,3,4,2,5,5,5,4,4,4,2,2
425,5,4,4,3,2,1,6,4,5,5,6,1,1,4,3,1
426,3,2,2,2,1,2,4,3,4,5,5,3,2,6,4,1
427,1,1,1,1,1,1,3,2,1,2,2,1,1,1,3,1
428,4,4,4,5,3,3,5,3,3,4,5,4,3,4,3,3
429,2,2,2,4,2,2,4,2,2,4,5,2,2,2,5,2
430,5,5,4,3,3,2,1,5,2,2,3,2,1,1,1,1
431,4,4,4,4,3,2,3,2,2,4,5,2,2,3,2,1
432,2,2,4,1,2,2,6,2,6,6,4,2,2,2,2,2
433,5,5,5,6,6,5,6,6,5,6,6,5,4,4,6,3
434,4,4,4,3,3,1,4,4,4,4,4,3,3,3,2,2
435,4,4,4,4,5,4,4,5,5,4,4,4,4,4,3,3
436,3,3,3,3,4,3,5,5,5,5,5,3,3,4,2,1
437,5,5,5,3,4,4,5,5,5,5,5,6,3,4,4,3
438,4,4,4,2,2,2,2,2,2,3,5,3,2,2,2,3
439,1,3,3,3,3,1,1,1,1,3,3,1,1,1,1,1
440,5,5,5,5,5,2,2,2,5,4,5,5,3,5,5,2
441,4,4,3,1,1,1,2,1,2,5,6,3,2,2,3,1
442,2,2,2,2,2,2,2,2,2,4,5,2,2,2,2,2
443,3,3,3,3,3,3,3,3,3,4,4,3,2,2,2,2
444,3,4,4,3,3,5,4,4,4,5,5,4,4,4,5,4
445,4,4,4,4,3,3,5,3,3,5,5,3,3,4,2,1
446,4,4,4,5,3,2,2,2,2,5,5,3,2,5,2,1
447,4,4,4,4,2,2,4,2,4,4,6,5,2,2,1,1
448,4,2,2,2,2,4,2,2,3,4,4,4,2,4,2,1
449,4,4,2,1,1,1,1,1,1,2,4,1,1,1,1,1
450,2,2,2,2,2,2,2,2,2,2,2,2,2,2,2,2
451,5,3,4,4,3,3,5,3,3,3,5,3,3,5,3,2
452,2,2,3,3,3,3,4,4,4,4,5,4,4,4,2,2
453,4,5,5,5,3,1,4,3,2,4,4,1,1,3,1,1
454,4,4,4,5,3,3,6,4,3,6,6,3,3,5,5,1
455,4,4,4,3,3,2,5,4,4,4,3,3,4,4,3,1
456,4,4,4,4,3,3,4,4,4,4,4,3,3,4,4,2
457,3,2,3,6,3,2,5,4,3,3,3,3,3,3,3,2
458,3,3,3,4,3,3,4,3,4,4,4,3,3,3,4,3
459,2,2,2,2,2,2,3,2,2,2,2,2,2,2,2,2
460, , , , , , , , , , , , , , , , 
461,1,1,1,1,1,1,1,1,1,4,1,1,1,1,1,1
462,2,2,2,4,2,3,3,3,2,3,3,2,2,2,2,2
463,5,5,3,3,3,5,5,3,5,6,6,6,3,5,3,3
464,4,4,4,4,3,3,6,4,4,5,5,3,3,4,3,3
465,4,4,4,4,3,3,6,4,5,5,5,4,4,4,4,3
466,3,3,3,4,3,3,5,4,4,5,5,3,3,3,4,3
467,4,4,4,5,4,4,5,4,4,4,5,4,4,5,4,4
468,1,1,1,2,2,2,4,2,4,4,4,2,2,2,2,2
469,3,3,3,3,3,3,3,4,4,5,4,4,4,4,4,3
470,3,3,3,3,4,2,4,3,4,4,4,3,2,3,3,3
471,3,3,3,4,3,3,5,4,3,4,5,2,2,2,4,2
472,4,3,3,4,1,1,5,1,4,4,5,2,1,1,4,2
473,3,3,3,4,2,2,4,4,4,5,3,4,3,4,3,4
474,1,1,1,1,1,1,1,1,1,1,1,1,1,1,1,1
475,4,4,4,5,3,3,5,3,3,3,4,3,3,3,5,3
476,3,5,4,5,3,4,5,4,3,4,4,4,3,4,3,3
477,4,4,4,4,3,2,5,5,4,5,3,2,3,2,5,4
478,3,3,4,4,3,3,5,3,3,5,4,3,3,3,3,3
479,6,6,5,3,2,1,6,4,6,6,6,5,1,1,1,1
480,3,3,3,3,3,4,3,4,4,3,3,2,2,2,2,1
481,4,3,3,3,3,3,4,3,4,4,4,3,3,3,3,3
482,5,5,5,4,3,5,5,6,4,4,6,4,4,5,5,4
483,3,3,3,4,3,3,5,4,4,4,4,3,3,3,5,4
484,4,6,4,2,4,4,3,4,4,3,4,4,3,4,5,4
485,4,4,4,3,4,4,3,4,3,4,4,4,3,4,4,5
486,2,2,3,4,3,3,4,4,3,4,4,3,3,3,6,2
487,2,2,2,3,1,1,3,3,2,4,3,2,2,2,2,2
488,5,5,5,5,3,2,6,4,3,5,6,5,3,3,2,2
489,3,3,3,3,3,3,3,3,3,3,3,3,3,3,3,3
490,2,2,3,4,4,2,4,4,4,3,3,2,2,4,2,1
491,3,3,3,3,3,3,5,5,4,4,4,4,4,4,4,1
492,2,2,3,3,4,3,5,3,4,4,5,3,2,3,2,2
493,4,2,3,3,2,2,2,2,2,2,4,2,2,2,2,2
494,5,5,4,6,3,2,5,5,5,2,3,5,4,4,4,5
495,4,4,4,4,3,3,4,4,4,2,3,5,4,4,4,1
496,3,2,1,2,1,1,4,4,4,3,4,1,1,1,1,1
497,1,3,5,3,4,2,6,6,3,4,5,2,1,1,5,1
498,6,6,3,6,6,1,1,1,5,1,6,2,1,1,1,1
499,3,3,3,3,3,3,3,3,3,3,4,3,3,4,2,2
500,3,3,3,1,1,1,1,1,1,1,4,1,1,1,1,1
501,3,4,4,3,4,5,3,3,4,5,5,5,5,5,3,2
502,3,3,3,4,4,5,5,3,4,4,6,3,3,4,3,2
503,4,5,5,5,4,6,4,3,4,4,6,6,3,6,3,2
504,4,4,5,5,6,3,4,6,6,4,4,5,3,4,2,1
505,3,3,4,4,5,5,5,4,5,5,5,4,4,3,4,4
506,3,3,3,4,4,4,3,3,4,4,4,4,3,3,3,3
507,4,4,4,3,4,5,4,3,4,3,4,4,3,4,3,2
508,4,4,4,3,4,4,2,3,4,3,4,2,2,2,2,5
509,3,3,3,3,4,4,3,3,3,3,5,4,3,4,4,1
510,3,3,3,3,4,4,3,4,4,4,5,3,5,5,3,2
511,4,4,5,4,3,4,3,3,4,4,5,4,4,5,3,3
512,4,4,3,3,4,4,3,3,5,4,4,3,5,5,4,5
513,2,2,2,2,2,2,2,2,2,2,2,2,2,2,2,2
514,4,6,4,3,6,4,4,3,5,3,5,6,4,4,5,4
515,3,3,4,2,4,4,4,4,5,3,3,4,4,4,4,5
516,2,3,3,3,4,4,4,3,5,4,4,5,5,4,5,3
517,5,5,4,1,5,6,6,6,5,4,5,6,3,5,6,1
518,2,2,2,2,2,2,2,2,4,3,3,3,3,4,4,3
519,4,4,3,1,3,3,1,4,1,6,4,1,1,1,1,3
520,3,3,2,4,4,4,2,2,4,4,5,3,3,6,1,1
521,5,5,5,3,4,6,2,2,5,6,6,6,4,6,1,2
522,5,5,4,3,5,6,2,2,5,5,6,2,2,5,2,1
523,2,3,2,2,3,3,2,2,2,3,4,2,2,4,2,2
524,4,5,3,6,5,4,6,5,5,6,5,4,6,5,4,3
525,4,4,4,2,4,3,3,3,2,4,5,3,1,5,1,4
526,4,3,3,2,4,5,5,4,5,5,5,4,3,4,4,2
527,3,3,3,3,4,5,3,3,3,3,3,3,3,3,3,2
528,4,4,4,4,4,4,4,4,4,4,4,4,4,4,4,4
529,6,5,1,2,6,6,1,4,6,6,1,5,6,6,6,6
530,4,5,5,1,5,4,4,4,6,4,5,3,4,4,2,4
531,4,4,5,5,4,6,6,3,4,4,5,3,3,6,4,3
532,3,3,3,3,4,4,3,3,3,3,3,3,3,3,4,4
533,3,3,3,3,3,4,3,3,3,3,3,3,3,4,3,2
534,3,4,4,3,4,4,3,3,4,3,4,4,4,4,4,4
535,3,3,4,3,2,2,4,3,2,4,5,2,1,2,4,1
536,3,3, ,4,3,3,4,3,4,5,4,3,4,3,4,3
537,3,4,3,3,4,5,5,4,4,5,5,4,5,4,5,5
538,4,5,5,3,4,4,4,3,4,3,5,4,5,6,3,4
539,4,4,5,4,4,4,5,3,5,4,5,4,3,4,4,4
540,1,1,1,4,1,5,4,1,4,4,5,1,1,1,1,1
541,2,2,3,5,2,5,5,2,3,2,5,3,3,4,3,3
542,3,3,2,4,4,2,2,4,3,4,4,4,4,4,4,5
543,4,4,4,2,5,5,4,3,5,5,5,5,5,5,3,2
544,3,3,4,3,5,4,3,4,4,3,3,3,4,4,3,4
545,2,2,3,3,3,5,4,3,5,5,5,3,3,5,4,1
546,4,4,4,4,4,5,5,4,5,5,5,5,5,5,5,5
547,4,4,4,4,3,3,2,4,4,3,4,3,3,3,4,4
548,3,3,3,3,3,3,4,3,4,4,5,4,3,3,3,4
549,4,4,3,3,4,4,4,4,4,5,5,4,4,4,5,3
550,2,2,2,2,2,3,2,3,3,4,3,4,4,4,3,5
551,1,4,4,1,4,2,2,2,4,2,4,4,4,3,3,4
552,5,3,4,2,5,5,4,4,6,2,3,4,4,5,5,1
553,1,3,3,3,3,3,3,3,6,3,3,3,6,6,3,3
554,2,2,2,2,5,5,2,2,3,2,2,5,2,5,2,2
555,4,5,3,2,5,5,3,5,3,3,3,3,3,3,3,1
556,4,3,3,1,4,4,4,4,5,4,4,4,4,4,2,2
557,5,2,4,2,4,3,5,1,5,1,1,5,6,5,1,4
558,1,1,1,1,1,1,1,1,1,1,1,1,1,1,1,1
559,3,4,4,4,4,4,5,4,4,5,5,5,4,5,3,3
560,4,4,4,5,5,4,5,3,5,2,5,2,2,5,3,2
561,2,3,3,3,2,3,3,3,4,4,3,2,2,3,1,2
562,3,3,3,4,3,3,5,4,4,5,4,2,2,3,4,1
563,4,4,4,2,4,4,5,4,4,5,4,3,3,3,3,3
564,4,3,1,1,1,1,1,1,4,4,1,1,2,4,1,1
565,3,4,4,5,4,3,4,3,4,5,5,4,3,4,3,3
566,3,3,3,3,3,3,3,2,3,4,4,3,3,3,2,3
567,3,3,4,2,1,1,6,3,4,6,6,2,2,5,1,1
568,4,4,4,2,4,2,4,2,3,6,6,3,3,3,3,2
569,3,3,3,3,5,1,4,2,4,3,2,2,1,2,1,1
570,2,2,2,2,2,2,2,2,2,2,2,2,2,2,2,2
571,4,3,5,5,3,2,4,3,3,5,4,3,3,3,3,3
572,4,3,3,3,3,3,3,3,3,4,4,4,3,3,3,1
573,4,4,3,3,3,2,5,4,5,6,6,2,3,3,3,2
574,4,3,4,4,3,3,4,4,4,3,4,3,3,4,4,3
575,3,3,3,3,3,3,4,3,4,3,4,3,3,3,3,3
576,2,2,3,2,3,2,3,3,4,4,4,4,3,4,3,4
577,2,2,2,2,2,2,2,2,2,4,2,1,1,1,6,1
578,4,4,4,4,4,3,3,4,4,4,5,5,4,4,3,3
579,2,2,2,3,3,2,6,5,6,5,5,4,4,4,3,3
580,4,1,3,4,3,3,3,3,2,4,3,3,2,3,1,2
581,5,5,5,4,6,3,2,2,2,4,6,2,2,6,1,1
582,4,5,6,6,3,2,3,1,1,1,2,4,3,5,1,1
583,4,4,4,4,3,5,3,3,4,4,5,4,3,5,3,3
584,3,3,3,3,3,4,3,3,3,3,4,3,2,3,4,3
585,1,1,1,1,5,4,4,4,5,4,4,4,4,4,3,4
586,4,4,4,4,5,5,4,5,5,4,5,5,3,4,5,4
587,3,4,4,2,4,4,4,4,4,4,4,5,4,4,5,1
588,4,5,5,5,5,5,3,5,5,4,3,3,4,5,5,3
589,3,3,3,3,3,4,3,3,3,4,6,4,4,5,3,3
590,3,4,4,3,4,5,4,3,4,3,4,3,4,3,1,4
591,3,3,3,3,3,3,3,3,3,3,5,5,5,5,4,3
592,5,3,5,5,4,5,1,5,1,6,3,1,1,6,1,1
593,4,4,4,5,5,6,5,5,5,4,5,4,4,5,4,2
594,5,4,5,4,4,4,4,4,4,4,5,4,4,4,4,3
595,4,3,3,3,4,5,3,3,5,5,6,6,4,5,3,3
596,5,5,3,3,4,5,3,3,5,6,6,4,4,5,3,3
597,3,3,3,3,4,4,4,3,4,3,4,3,2,3,2,1
598,4,4,4,3,4,3,3,3,3,3,3,3,3,3,3,4
599,4,3,4,3,3,4,3,3,4,3,3,3,3,3,3,3
600,3,3,3,3,3,4,4,3,3,4,4,3,4,4,4,4
601,3,3,3,3,6,6,3,6,2,2,2,2,4,4,2,2
602,3,3,3,2,3,4,4,4,3,3,5,3,3,4,5,1
603,4,4,4,4,4,4,4,4,4,4,4,4,4,4,4,4
604,4,5,5,5,4,4,6,6,4,5,5,3,3,3,4,2
605,3,3,3,2,2,1,4,4,1,1,4,1,1,1,1,1
606, , , , , , ,4, , , , , , , , , 
607,4,4,4,1,2,1,4,2,3,5,5,1,1,4,1,1
608,3,3,3,3,3,3,3,3,3,4,5,3,3,3,3,3
609,5,5,5,4,4,3,6,2,4,6,6,3,2,5,2,2
610,4,5,4,4,4,2,4,2,2,3,4,3,1,2,2,2
611,3,3,3,3,3,2,3,3,3,3,3,3,3,3,3,3
612,3,3,4,4,4,4,4,3,2,4,4,2,1,2,1,1
613,4,4,4,2,2,2,5,5,5,5,5,2,5,5,3,5
614,4,4,4,4,4,2,4,4,4,5,6,5,3,3,3,2
615,3,3,3,3,3,3,5,3,3,3,6,3,3,3,5,3
616,5,4,4,5,3,2,6,4,6,5,5,3,3,2,4,2
617,3,3,3,3,3,3,3,3,3,3,3,3,3,3,3,3
618,4,3,4,5,3,3,5,3,3,4,5,3,3,3,3,3
619,3,3,3,3,3,2,5,4,4,5,4,4,3,3,3,3
620,4,3,4,4,4,3,4,4,3,4,3,3,2,4,2,2
621,3,3,4,4,4,3,4,4,3,4,3,2,2,2,2,1
622,4,3,4,5,4,3,3,5,3,3,5,3,3,3,4,2
623,6,6,6,3,2,5,3,2,5,4,5,5,5,6,3,5
624,4,5,6,3,5,4,4,6,4,3,3,3,5,5,2,6
625,5,5,5,3,2,5,6,4,4,4,6,3,2,6,4,1
626,4,3,3,3,4,4,4,4,4,3,4,4,3,3,3,4
627,4,5,5,4,6,6,4,5,4,4,4,5,4,5,4,5
628,2,2,2,2,5,2,2,2,3,3,2,2,2,2,2,2
629,4,4,5,2,4,3,2,2,3,3,4,4,3,4,2,2
630,5,5,5,5,5,4,5,4,5,5,5,4,4,5,3,3
631,5,6,6,6,6,5,6,5,6,6,6,3,3,5,3,3
632,5,5,3,5,6,6,6,4,4,6,6,6,6,6,1,1
633,4,3,4,4,3,4,4,3,4,3,4,2,2,2,2,2
634,3,3,3,3,3,3,3,5,3,3,3,3,3,3,3,3
635,3,3,3,2,2,3,1,1,2,3,3,2,2,3,1,2
636,4,4,5,4,5,5,4,5,4,2,4,4,4,5,2,2
637,2,1,1,2,3,2,2,3,4,3,3,4,4,5,3,3
638,2,2,2,2,2,6,4,5,4,3,2,2,2,2,2,2
639,4,4,4,3,4,5,5,4,5,3,5,4,5,5,4,4
640,3,3,2,1,2,2,3,2,4,4,5,4,4,4,4,1
641,3,3,3,3,3,3,3,3,3,3,3,3,3,3,3,3
642,4,4,4,3,4,4,3,4,4,3,4,4,4,4,3,3
643,3,3,3,3,4,4,3,4,4,2,4,3,4,4,2,1
644,4,4,4,4,4,3,5,5,5,5,5,4,4,4,5,1
645,5,4,4,4,4,2,4,3,2,2,4,2,2,2,2,1
646,5,6,6,1,3,2,2,2,3,6,5,3,1,3,3,2
647,3,3,3,1,4,4,4,3,5,5,5,4,3,6,3,3
648,4,4,4,4,4,4,4,5,5,5,3,3,2,5,2,2
649,5,5,4,6,4,3,6,3,5,6,6,3,3,5,3,3
650,4,5,5,4,5,3,4,3,3,4,5,3,2,2,2,2
651,4,4,4,1,1,2,1,1,1,4,4,4,1,5,1,1
652,3,3,4,4,2,2,4,3,5,5,5,2,3,4,4,2
653,1,5,4,3,3,3,2,5,5,5,2,2,2,1,1,1
654,3,3,3,3,3,2,3,2,4,5,5,3,2,3,2,2
655,4,4,4,2,4,4,6,2,2,2,6,3,5,5,3,3
656,1,1,4,2,2,2,4,4,4,4,4,2,2,2,2,2
657,4,4,4,4,4,3,5,4,5,3,4,4,4,5,4,2
658,3,3,3,2,2,2,2,2,2,2,2,2,2,2,2,2
659,4,3,4,4,3,3,5,4,3,5,4,1,2,3,2,1
660,3,4,4,3,2,3,4,4,3,3,2,4,4,3,3,3
661,3,5,3,5,3,1,1,5,3,1,5,3,3,3,3,1
662,1,1,1,2,1,1,2,2,2,1,1,1,1,1,1,1
663,2,2,2,1,1,1,1,1,1,1,1,2,1,1,2,1
664,4,3,1,2,3,3,2,2,2,2,2,2,2,3,1,3
665,5,4,3,2,5,4,3,3,2,2,5,4,4,3,4,4
666,4,4,4,5,4,4,4,4,5,4,5,3,4,5,2,1
667,4,4,3,3,4,4,4,4,5,5,3,6,5,5,6,6
668,5,4,4,4,4,5,5,2,6,4,5,2,1,4,3,5
669,4,4,4,4,4,4,2,4,6,3,3,1,2,6,6,6
670,4,3,3,3,4,4,3,3,3,3,3,3,3,4,3,3
671,4,4,5,3,5,4,4,4,5,4,5,3,3,4,3,2
672,3,3,3,3,3,3,3,3,4,3,3,3,3,3,3,3
673,1,1,1,1,1,1,1,2,2,1,1,1,1,1,1,1
674,2,2,2,2,2,2,2,2,2,2,2,2,2,2,2,2
675,3,4,3,3,2,2,3,3,4,3,3,2,2,2,3,2
676,4,4,4,3,4,4,3,3,3,3,4,4,3,3,3,4
677,3,3,3,3,3,3,5,4,4,5,4,3,4,4,4,4
678,4,3,4,5,3,3,5,3,4,3,4,3,3,3,3,2
679,4,4,5,4,4,3,4,6,4,4,4,3,3,4,4,5
680,3,3,3,3,3,3,3,3,3,3,3,3,3,3,3,3
681,4,4,3,2,2,2,5,4,5,3,4,4,3,4,2,2
682,3,3,3,3,4,3,3,4,4,4,4,3,3,4,3,3
683,5,5,5,5,5,5,5,5,5,5,5,5,5,5,5,5
684,3,3,3,3,3,3,4,3,3,4,4,3,3,3,3,3
685,4,4,4,4,3,2,2,1,2,4,4,1,1,1,1,3
686,1,1,1,1,1,1,3,3,3,4,4,2,1,1,4,4
687,2,2,3,5,3,2,2,2,3,4,5,4,3,3,4,3
688,2,2,1,3,1,1,4,2,3,1,4,1,2,5,5,6
689,2,2,2,2,2,3,3,4,2,2,2,2,2,2,2,2
690,3,2,2,4,2,1,5,3,5,5,3,3,1,4,2,3
691,4,4,4,4,6,6,5,4,6,4,4,3,5,5,3,5
692,3,3,3,3,4,4,3,4,4,4,4,3,3,4,3,3
693, , , , , ,5, , , , , , , , , , 
694,3,4,1,1,4,1,1,1,1,4,4,1,1,4,1,1
695,3,3,3,3,3,3,2,3,2,3,3,2,2,2,2,2
696,2,2,3,2,3,6,5,4,4,6,6,5,3,3,2,1
697,4,4,5,5,4,3,4,3,2,5,6,5,1,4,3,1
698,4,5,3,1,4,6,5,5,6,6,5,6,6,6,3,3
699,2,2,2,6,4,6,4,4,5,2,3,4,5,6,3,5
700,4,4,4,4,4,6,5,5,6,6,6,4,4,4,4,4
701,2,2,2,1,3,4,5,5,4,5,5,3,2,2,1,1
702,5,5,6,5,6,6,4,6,4,4,5,3,3,3,3,3
703,3,3,3,3,3,3,3,4,3,3,3,4,3,4,3,3
704,4,4,4,4,5,6,4,4,5,4,6,6,6,6,6,1
705,4,5,5,6,5,5,5,5,5,5,4,5,6,6,4,4
706,3,4,3,3,4,3,3,3,5,3,4,3,5,3,6,2
707,4,4,3,3,4,4,4,4,4,4,4,3,3,3,3,3
708,4,3,2,1,4,4,4,4,3,4,2,4,2,2,2,2
709,2,2,3,3,2,3,2,3,2,3,2,3,2,3,2,2
710,3,3,3,6,5,3,6,6,3,3,6,3,3,3,3,3
711,4,4,4,4,3,4,4,3,4,4,4,3,4,4,3,3
712,5,5,5,5,5,5,5,5,5,5,3,5,5,5,2,5
713,2,2,2,2,2,2,4,2,4,4,4,3,3,4,3,3
714,3,3,3,3,3,3,4,4,4,5,3,3,3,3,3,3
715,4,2,2,6,4,1,5,4,3,2,1,4,3,4,5,5
716,2,2,3,2,2,2,3,3,3,2,2,3,2,1,3,1
717,2,2,2,1,1,1,1,1,1,2,1,1,1,1,2,1
718,2,2,3,4,3,2,5,5,3,2,4,3,2,2,3,2
719,3,3,3,3,3,3,3,3,3,3,4,3,3,3,3,4
720,4,4,5,3,5,5,3,3,5,4,6,4,3,6,2,2
721,2,3,3,3,4,4,2,4,5,4,4,3,4,5,1,3
722,5,5,5,5,5,6,6,6,5,5,5,5,5,5,4,4
723,5,5,5,5,6,6,5,5,5,6,6,5,5,6,5,5
724,4,4,4,2,4,4,4,4,4,4,4,4,4,4,2,3
725,5,4,4,4,4,5,4,4,4,4,5,3,4,4,3,3
726,3,3,3,3,3,3,3,3,3,3,4,3,3,4,3,3
727,3,5,4,4,4,5,4,4,4,3,4,5,3,4,3,4
728,2,2,2,2,4,2,2,2,2,2,2,2,2,2,4,4
729,2,2,2,2,4,4,3,4,4,4,3,3,3,3,3,4
730,4,4,4,4,4,4,3,4,4,4,4,3,3,3,3,3
731,3,3,3,3,3,3,3,3,4,4,3,3,3,4,3,4
732,2,2,3,1,3,3,1,1,3,1,3,4,3,3,1,1
733,2,2,2,2,2,2,2,2,2,2,2,3,2,3,2,1
734,3,3,3,1,4,3,1,1,3,1,1,4,3,3,4,1
735,3,2,2,2,2,3,3,1,2,4,4,3,1,4,2,1
736,3,4,4,3,4,4,5,4,5,5,5,4,4,4,4,3
737,5,4,3,2,2,2,6,4,5,2,5,3,2,4,5,2
738,3,2,2,3,2,2,3,2,2,4,3,2,2,2,2,2
739,3,3,3,3,3,3,4,4,4,4,4,4,3,4,4,3
740,3,3,3,3,2,2,2,2,3,3,4,2,2,2,4,2
741,2,2,3,2,2,1,4,5,4,5,5,3,1,1,4,1
742,2,2,2,2,3,3,2,2,3,2,4,2,3,4,3,2
743,4,6,4,5,4,4,4,4,4,6,6,6,4,4,4,6
744,3,5,2,2,2,5,5,3,1,6,6,1,1,6,1,1
745,4,4,4,2,3,2,5,3,5,5,6,5,2,4,1,1
746,4,2,4,4,3,1,5,2,2,3,4,1,1,2,2,1
747,4,4,4,3,3,2,4,3,2,4,4,2,1,3,2,1
748,4,3,4,3,2,2,5,4,3,4,4,3,2,2,2,1
749,3,3,3,5,3,3,5,3,3,5,5,3,3,3,3,2
750,3,3,3,3,3,3,3,3,3,3,3,3,3,3,3,3
751,4,5,5,4,3,3,3,3,4,5,3,3,3,4,3,3
752,3,4,3,4,5,4,4,5,5,6,4,6,4,4,4,4
753,4,4,4,4,4,4,4,3,3,3,3,3,3,3,3,2
754,3,3,3,3,3,3,3,3,3,3,3,3,3,3,3,3
755,3,3,3,3,3,3,4,3,3,3,4,3,3,3,4,3
756,3,3,3,3,3,3,3,5,2,3,3,2,2,3,5,2
757,3,3,4,3,4,5,4,3,4,4,5,4,4,4,4,4
758,1,1,1,1,1,1,1,4,1,1,1,1,1,1,1,1
759,4,4,4,4,3,3,4,5,5,2,3,3,3,5,5,2
760,4,4,4,5,5,6,4,4,3,3,6,6,4,6,2,2
761,4,4,4,3,4,3,2,2,2,2,3,3,2,4,4,4
762,4,4,4,4,4,4,3,4,3,3,4,3,3,4,3,4
763,3,3,3,3,4,4,3,4,5,3,5,3,3,5,2,2
764,4,4,4,4,4,3,4,3,4,4,3,4,3,3,4,3
765,4,5,5,4,4,5,2,2,5,5,5,5,4,5,3,3
766,6,6,6,4,6,6,5,4,6,6,6,6,6,6,5,5
767,3,3,3,3,5,5,2,3,5,4,5,3,3,6,1,1
768,5,5,3,3,5,5,3,3,5,5,5,5,5,5,2,2
769,3,3,4,3,4,4,4,3,5,5,5,5,3,4,4,3
770,4,3,4,3,4,4,3,2,3,3,5,4,4,4,3,3
771,4,4,4,5,3,6,4,2,1,4,4,2,1,4,1,1
772,6,3,6,3,6,5,4,6,5,3,4,4,1,5,3,3
773,3,3,3,3,4,5,4,4,4,4,5,5,4,5,3,3
774,4,4,4,4,4,4,3,3,4,4,4,4,4,4,3,3
775,5,3,4,4,4,3,3,4,4,4,4,3,3,3,3,3
776,3,3,3,3,3,3,3,3,3,3,3,3,3,3,3,3
777,4,3,3,3,5,5,4,4,3,2,2,3,2,5,2,2
778,3,3,5,5,5,5,4,5,5,4,5,5,5,5,5,2
779,4,3,3,3,3,3,3,3,5,4,5,4,4,6,3,3
780,3,2,2,2,4,4,4,4,5,4,4,4,4,4,2,1
781,2,1,4,2,2,3,2,2,2,1,1,1,1,2,2,1
782,5,5,4,4,4,3,3,3,3,2,2,3,2,2,3,3
783,4,5,5,4,5,5,3,4,5,4,4,4,3,4,5,5
784,3,2,2,2,3,3,3,3,5,1,5,1,1,2,4,2
785,4,4,2,2,1,1,1,1,1,4,4,1,1,1,1,1
786,1,1,1,1,1,1,1,1,1,1,1,1,1,1,1,1
787,3,3,3,3,3,3,4,4,4,4,3,3,3,3,4,3
788,4,3,3,3,3,2,4,4,3,4,4,4,2,3,4,2
789,3,3,3,3,2,2,2,4,3,2,3,4,2,2,2,2
790,4,4,3,2,3,3,4,2,2,4,4,3,2,2,2,4
791,4,4,4,1,2,1,3,2,1,4,4,3,1,3,1,3
792,6,6,6,1,4,4,1,1,1,6,6,1,1,1,1,3
793,3,3,3,4,3,3,5,3,3,5,5,3,3,4,3,3
794,5,4,5,5,5,4,5,5,5,5,5,3,3,3,3,3
795,3,3,3,3,3,3,3,4,3,3,4,3,2,2,3,3
796,3,3,3,3,3,3,5,3,4,6,6,4,2,4,5,4
797,5,5,5,5,4,4,6,4,6,5,6,4,3,2,3,2
798,3,3,3,4,2,2,4,4,4,4,2,2,2,2,4,2
799,4,4,4,4,3,3,4,4,4,4,4,3,3,3,4,3
800,4,4,4,3,4,5,6,3,3, ,5,4,3,2, ,5
801,3,4,4,4,3,2,5,4,4,5,5,3,2,2,4,2
802,3,3,3,4,3,3,4,4,4,4,4,3,3,3,4,2
803,5,5,4,4,5,4,6,4,6,5,6,3,4,5,2,2
804,3,2,3,3,2,2,3,3,3,2,2,1,2,2,2,1
805,3,3,3,3,3,3,3,3,3,3,3,3,3,3,3,3
806,2,3,5,3,5,2,2,3,1,1,2,2,3,4,4,2
807,3,3,3,3,3,3,3,4,3,3,3,3,3,3,3,3
808,4,4,3,1,4,2,4,5,5,3, ,1,4,5,5,2
809,4,4,4,4,5,5,3,4,4,4,4,5,4,5,1,1
810,3,4,4,4,5,5,4,5,5,4, ,4,4,4,4,2
811,3,4,6,6,1,2,2,2,2,2,2,2,2,2,2,2
812,2,2,3,1,4,2,1,2,2,5,5,2,2,2,4,2
813,2,2,2,2,2,3,3,2,3,4,4,3,3,3,4,1
814,4,4,4,4,4,5,4,3,3,4,5,5,4,5,3,1
815,3,3,3,3,3,4,3,3,3,3,4,4,3,4,3,3
816,4,4,4,4,4,5,4,3,3,4,4,3,3,5,2,2
817,4,4,4,4,4,3,4,4,3,4,4,3,3,3,3,3
818,3,3,4,3,4,5,4,4,5,4,4,4,3,4,4,3
819,4,4,4,4,4,4,4,4,4,4,4,4,4,4,4,4
820,3,4,4,3,5,5,5,3,5,4,4,4,5,4,4,4
821,1,1,1,1,5,6,4,4,4,1,1,1,1,1,4,1
822,3,3,3,3,3,3,3,4,4,3,3,2,2,2,2,4
823,4,4,4,1,1,4,1,5,5,4,5,5,2,2,5,1
824,5,5,5,4,5,4,4,4,4,4,5,4,4,4,4,5
825,5,3,5,5,5,5,5,5,5,3,4,5,5,5,3,2
826,4,4,4,3,3,4,1,3,4,1,2,5,4,4,1,1
827,4,4,4,2,4,4,3,5,4,2,2,4,4,4,1,1
828,2,4,4,4,3,3,4,2,5,3,3,5,4,5,3,3
829,3,5,4,1,2,1,1,2,1,5,4,2,1,1,1,2
830,6,6,6,4,4,2,6,2,4,6,6,4,2,6,2,1
831,3,5,1,2,1,1,1,1,2,5,6,2,1,4,2,1
832,3,3,3,3,3,4,4,3,5,5,5,3,3,5,4,3
833,4,4,4,4,4,4,4,4,4,4,4,4,4,4,4,2
834,1,3,3,2,2,3,5,3,4,6,5,4,2,2,4,3
835,4,3,2,2,2,2,2,4,4,4,3,3,3,3,3,3
836,4,4,4,4,4,1,1,3,1,1,3,1,1,1,3,1
837,3,2,2,2,2,1,4,3,2,2,3,3,2,2,2,2
838,5,3,2,5,5,5,5,5,4,4,3,4,3,3,4,3
839,1,1,1,1,1,1,3,2,2,1,4,1,1,1,5,1
840,2,2,2,2,2,2,2,2,2,2,2,2,2,2,2,2
841,3,3,3,3,3,4,4,2,5,3,5,3,3,4,3,2
842,3,4,2,1,3,3,1,4,4,2,3,3,2,5,2,1
843,3,3,3,4,4,4,5,4,3,3,3,4,3,4,2,4
844,4,4,5,5,4,5,4,4,5,3,5,3,5,5,5,6
845,4,4,4,4,5,5,5,3,4,5,6,4,5,5,5,2
846,1,3,3,1,4,2,1,2,1,1,1,6,2,4,5,3
847,3,3,3,3,4,4,3,3,4,3,3,3,4,4,3,2
848,3,3,4,3,4,4,4,3,4,3,3,2,2,2,4,1
849,4,4,4,4,4,4,4,4,4,2,3,4,4,4,4,4
850,4,5,5,5,5,4,5,5,5,5,4,4,4,4,4,4
851,4,6,2,2,2,2,2,2,2,5,5,2,1,2,1,6
852,2,2,4,4,4,2,2,2,4,4,4,4,4,4,4,1
853,2,2,4,4,3,3,3,4,5,3,5,4,3,3,4,2
854,5,4,5,3,3,2,5,3,3,4,5,3,2,3,5,2
855,2,2,2,2,2,2,2,2,2,2,2,2,2,2,2,1
856,4,4,5,4,5,5,5,5,5,5,5,5,4,5,3,3
857,3,3,3,3,3,3,3,3,3,3,3,3,3,3,3,3
858,3,3,3,4,3,3,3,4,3,4,3,3,3,3,3,1
859,4,4,4,6,6,3,6,5,5,6,4,4,5,5,6,4
860,5,5,5,5,5,5,5,5,5,5,5,5,5,5,5,5
861,4,4,4,4,4,4,4,4,4,4,4,4,4,4,4,4
862,5,5,3,5,5,4,3,5,3,3,3,3,4,5,3,3
863,3,2,4,5,3,4,3,2,2,5,3,2,2,3,3,1
864,3,3,3,3,3,1,4,2,2,3,4,2,2,2,2,2
865,1,4,4,4,5,1,6,5,6,5,6,1,4,5,5,2
866,5,5,5,5,5,5,4,4,5,4,6,5,4,4,4,3
867,3,3,4,3,4,4,4,4,4,4,4,3,3,4,3,4
868,5,5,5,3,5,5,5,4,4,4,5,5,4,5,2,2
869,1,2,4,1,5,6,4,1,5,5,4,1,1,1,1,1
870,4,4,3,3,3,3,3,4,4,4,4,2,3,3,2,1
871,2,2,2,2,6,6,2,2,2,4,4,2,2,6,2,6
872,3,3,3,4,3,3,3,4,3,3,3,3,3,3,3,5
873,2,2,2,2,2,1,4,5,2,4,5,2,1,4,4,1
874,4,3,3,2,4,3,3,3,3,2,4,3,3,3,3,3
875,4,4,4,3,4,3,3,3,3,3,3,2,2,2,2,2
876,4,4,4,3,4,4,4,4,5,4,5,6,5,4,5,5
877,4,4,4,4,4,4,4,4,4,4,4,4,4,4,4,4
878,4,4,4,4,4,4,4,4,4,4,4,4,4,4,4,4
879,4,4,4,4,1,6,1,1,1,6,6,1,1,6,1,6
880,3,3,3,3,3,3,5,3,4,5,5,3,3,3,3,3
881,1,1,2,4,2,2,5,2,3,2,1,1,1,2,1,1
882,4,4,4,4,4,4,4,4,4,4,4,4,4,4,4,4
883,3,3,4,4,5,5,3,4,5,3,5,3,3,5,5,3
884,4,4,3,5,4,2,5,5,4,5,4,4,3,5,4,4
885,5,6,5,4,3,3,5,3,4,6,6,3,2,5,3,2
886,4,4,4,5,2,2,3,3,4,1,3,4,4,3,5,1
887,4,3,4,6,3,3,5,4,4,5,5,4,3,3,5,3
888,4,5,5,2,4,6,6,3,4,6,6,5,3,6,2,6
889,4,2,3,3,3,3,5,2,2,3,5,5,2,5,2,1
890,3,3,3,3,3,3,4,4,4,4,4,4,3,3,3,2
891,5,5,5,3,4,4,3,3,5,3,3,5,4,5,3,5
892,3,4,5,2,3,4,5,4,3,3,3,3,4,4,5,4
893,3,3,3,3,3,3,4,3,5,4,5,3,3,5,3,3
894,4,4,4,4,4,3,3,3,3,3,3,4,4,4,2,3
895,3,3,3,4,2,2,5,3,4,5,6,4,3,4,2,1
896,4,3,4,4,4,3,5,5,4,4,4,4,4,5,4,4
897,3,4,4,3,4,5,5,3,5,3,3,3,3,5,3,3
898,3,3,3,3,3,3,4,4,3,3,4,3,3,3,3,3
899,4,3,5,4,4,4,6,4,5,6,6,3,3,5,3,2
900,4,4,4,3,3,4,4,4,3,5,5,5,5,5,4,4
901,5,5,5,5,3,4,2,2,4,4,5,3,3,5,3,3
902,4,4,4,3,3,3,4,2,5,4,5,2,3,2,2,4
903,3,3,3,3,3,3,4,4,5,5,5,3,3,3,5,4
904,5,4,4,4,4,5,5,5,5,5,5,4,4,5,3,3
905,6,6,6,6,6,1,1,2,1,1,6,1,1,1,1,1
906,3,4,3,2,3,3,2,3,3,5,1,2,3,4,4,3
907,3,3,3,3,3,3,3,3,3,3,3,3,3,3,3,3
908,3,3,4,2,4,3,4,4,5,4,4,2,2,4,3,2
909,3,3,3,3,3,3,3,3,3,3,3,3,3,3,3,3
910,3,3,3,3,3,4,2,2,4,4,5,3,3,5,3,3
911,2,4,3,3,3,3,5,3,3,4,4,2,2,2,1,1
912,1,1,1,1,1,4,3,4,2,1,1,1,1,5,2,1
913,3,3,3,3,3,3,3,3,3,3,3,3,3,3,3,3
914,3,3,3,3,3,1,2,2,2,3,3,2,1,1,1,1
915,4,4,4,5,3,3,4,4,4,4,4,3,3,3,3,4
916,4,3,3,3,4,4,2,2,4,3,3,3,3,4,3,3
917,3,3,3,3,4,3,3,3,4,3,4,3,3,3,3,3
918,4,4,4,4,4,4,4,4,4,4,4,4,4,4,4,4
919,4,4,5,3,5,5,5,5,5,4,4,4,3,3,3,3
920,4,4,3,4,4,3,5,3,3,5,5,3,2,4,3,1
921,4,4,4,5,4,4,5,5,5,4,4,5,5,4,4,5
922,3,3,6,6,5,3,5,4,6,6,6,4,1,6,4,2
923,3,3,4,3,3,4,5,4,4,3,3,3,4,5,3,1
924,4,4,4,4,4,4,3,3,4,4,4,4,4,4,3,4
925,3,3,3,4,2,2,6,2,2,3,3,2,2,2,4,2
926,2,2,3,2,2,3,3,2,3,2,3,3,3,5,4,4
927,3,3,5,2,5,5,3,5,5,2,5,3,3,5,5,1
928,5,5,5,6,6,6,6,4,3,6,6,2,2,6,1,3
929,1,1,1,1,4,4,4,4,4,4,4,1,4,4,4,4
930,5,3,3,2,2,4,5,3,2,2,6,2,2,4,2,1
931,4,4,3,3,4,4,3,4,5,4,5,5,4,4,3,4
932,1,1,1,1,1,1,1,1,1,4,4,4,1,1,1,1
933,5,4,1,1,5,4,2,1,4,1,3,4,2,5,3,6
934,3,3,3,1,5,6,5,4,5,5,6,5,4,4,4,5
935,3,3,3,3,3,4,3,3,3,3,3,3,3,4,4,4
936,3,3,4,3,5,6,6,3,6,3,4,6,6,6,3,3
937,4,3,3,1,3,4,4,2,3,4,4,2,2,3,2,1
938,4,3,3,3,4,4,4,4,4,3,3,3,4,4,3,2
939,4,3,3,3,4,5,3,4,5,2,5,5,3,3,3,3
940,3,3,4,4,5,5,4,4,5,5,4,5,3,4,5,5
941,4,4,3,4,1,1,1,4,4,4,4,4,2,2,2,1
942,4,4,3,3,3,2,5,4,3,4,3,3,3,3,4,2
943,2,4,2,1,1,1,1,1,2,4,5,3,3,5,2,2
944,3,4,4,3,3,4,3,3,4,4,4,3,3,4,3,3
945,3,3,3,4,3,3,5,5,4,5,5,3,3,3,5,3
946,5,5,5,3,4,4,3,3,4,4,4,2,2,4,2,2
947,5,5,5,3,4,5,4,4,5,5,5,2,2,5,3,2
948,4,4,4,4,4,4,4,4,4,4,4,4,3,4,3,3
949,6,6,6,1,3,4,3,2,2,5,6,2,2,4,2,2
950,4,4,4,4,4,4,4,4,4,4,4,4,4,4,4,4
951,2,3,3,2,5,5,3,3,3,3,2,2,1,2,2,4
952,3,3,3,3,3,3,3,3,3,3,3,3,3,3,3,3
953,3,3,3,3,3,3,3,3,3,3,3,3,3,3,3,3
954,3,3,3,3,3,3,3,3,3,4,3,3,3,3,3,3
955,3,3,3,2,2,2,4,4,3,3,3,3,3,3,4,2
956,4,4,4,4,3,4,5,4,3,4,5,4,4,4,4,3
957,3,3,3,3,3,3,5,4,5,5,5,3,3,4,3,3
958,3,3,4,3,3,4,3,3,3,3,3,3,3,3,3,3
959,2,2,2,2,2,2,4,2,2,2,2,2,2,2,2,2
960,1,1,1,1,1,1,3,1,1,1,4,1,1,1,1,1
961,3,4, ,3,5, ,4,3,2, ,3,2,3,2,2,2
962,4,4,5,5,4,5,4,2,4,3,4,2,2,4,1,5
963,4,4,4,4,4,5,5,4,5,5,5,5,5,5,4,3
964,4,4,4,5,4,3,6,5,6,6,6,5,4,4,5,5
965,4,4,5,4,6,5,6,6,5,5,6,6,4,4,4,5
966,5,2,4,2,5,5,1,5,2,2,2,2,2,2,2,1
967,4,3,4,3,2,2,4,3,4,4,4,3,2,3,3,2
968,2,2,2,2,2,2,2,2,2,2,2,2,2,2,2,2
969,5,4,4,4,5,5,4,3,4,4,5,4,4,5,4,4
970,3,5,4,1,1,4,3,3,5,4,1,1,1,2,1,1
971,4,4,4,4,4,4,4,4,4,4,4,3,3,4,3,3
972,3,3,3,3,3,3,3,3,3,3,3,3,3,3,3,3
973,2,2,3,4,3,3,4,2,4,4,4,3,2,4,3,2
974,4,4,4,3,4,4,4,4,4,4,4,4,4,4,4,4
975,3,3,3,3,3,3,3,3,3,3,3,3,3,3,3,3
976,3,3,3,3,3,3,3,3,3,3,3,3,3,3,3,3
977,3,3,3,4,3,3,4,3,3,3,3,3,3,3,3,3
978,3,3,3,4,3,5,2,3,3,3,4,5,2,5,2,2
979,3,3,4,1,4,4,2,2,3,3,4,3,3,3,3,3
980,4,4,4,3,4,4,4,4,4,4,5,4,3,5,3,2
981,5,5,4,4,6,6,3,3,4,5,6,3,3,4,4,2
982,4,4,4,4,4,4,4,3,4,3,4,3,3,4,2,2
983,3,3,4,4,3,3,4,2,3,4,4,3,3,3,3,2
984,5,5,5,4,5,5,4,5,5,4,5,5,4,4,5,4
985,3,3,3,3,3,4,3,3,3,3,4,3,3,3,3,2
986,4,4,4,5,4,3,5,6,4,4,3,3,2,2,3,5
987,3,3,3,4,3,3,3,3,3,3,3,2,2,2,2,2
988,4,4,4,4,4,3,3,4,3,3,3,4,3,4,4,5
989,2,2,2,2,2,2,4,2,3,4,4,2,2,2,2,2
990,3,3,3,2,3,2,4,3,4,4,5,3,3,4,3,1
991,2,3,2,3,2,3,5,3,2,4,2,3,2,3,1,1
992,4,3,4,5,4,3,6,4,4,5,4,4,3,3,3,2
993,1,1,1,1,1,1,1,1,1,1,1,1,1,1,1,1
994,3,2,4,3,2,2,5,4,3,2,3,2,3,4,2,3
995,1,1,1,1,1,1,1,1,1,1,1,1,1,1,1,1
996,4,4,4,4,3,3,5,3,3,5,5,3,3,4,2,1
997,4,3,4,4,3,3,5,3,3,3,5,3,3,5,3,2
998,4,3,3,4,4,3,5,2,3,4,5,3,3,5,3,2
999,4,3,4,4,4,3,5,4,4,5,5,3,4,4,5,4
1000,3,3,3,2,3,2,4,3,4,4,5,3,3,4,3,1
