"ID","x1","x2","x3","x4","x5","x6","x7","x8","gender","married","age","region","job","house"
1,2,1,1,1,4,2,1,1,1,1,2,1,3,1
2,5,NA,2,NA,1,1,1,1,1,1,2,1,3,2
3,5,2,2,2,6,5,5,1,1,2,3,1,1,1
4,4,4,3,4,6,6,4,5,1,2,3,1,4,3
5,5,2,3,2,3,4,4,1,1,2,3,1,4,3
6,4,5,5,4,4,5,4,1,1,2,3,1,2,1
7,4,5,3,5,3,5,5,3,1,2,3,1,4,1
8,5,5,5,5,5,5,4,1,1,1,3,1,3,2
9,5,4,4,3,5,5,3,1,1,2,4,1,7,1
10,5,4,2,1,3,4,1,1,1,2,4,1,4,3
11,4,2,2,2,2,2,5,1,1,2,4,1,4,3
12,4,4,1,2,5,5,5,2,1,2,4,1,4,3
13,3,3,3,3,3,3,3,3,1,2,5,1,2,1
14,4,4,4,3,4,4,4,2,1,2,5,1,3,3
15,5,5,4,4,5,5,5,2,1,2,5,1,4,3
16,4,1,4,3,5,5,2,1,1,2,5,1,1,3
17,4,4,3,3,4,4,4,1,1,2,6,1,3,2
18,5,1,5,4,1,3,1,4,1,1,1,1,5,1
19,3,4,1,4,4,4,1,1,1,1,1,1,5,1
20,4,3,2,3,2,2,2,2,1,1,1,1,5,1
21,4,4,5,5,5,3,3,3,1,1,1,1,7,3
22,5,3,3,2,2,5,3,3,1,1,1,1,5,3
23,1,1,1,1,1,1,1,1,1,1,1,1,5,2
24,4,2,4,1,2,5,1,1,1,1,1,1,5,1
25,4,3,1,1,3,1,1,1,1,1,1,1,5,3
26,4,1,2,1,6,3,1,1,1,1,2,1,5,3
27,4,4,3,3,3,3,1,1,1,1,2,1,4,2
28,5,1,1,1,1,2,4,1,1,1,2,1,5,3
29,4,4,4,3,4,5,3,3,1,1,2,1,7,1
30,5,2,3,1,6,4,1,1,1,1,2,1,2,1
31,4,4,5,4,3,3,5,3,1,1,2,1,4,2
32,4,4,4,3,4,4,4,1,1,1,2,1,2,1
33,1,1,1,1,1,4,1,1,1,2,2,1,1,2
34,4,3,3,4,5,4,4,1,1,1,2,1,4,2
35,5,3,4,4,3,5,4,2,1,1,2,1,4,3
36,1,1,1,1,1,1,1,1,1,1,2,1,1,3
37,3,3,3,4,3,3,3,3,1,1,2,1,4,2
38,3,3,2,4,2,4,3,3,1,2,3,1,7,1
39,3,3,3,3,3,4,3,1,1,2,3,1,4,2
40,2,2,2,2,2,4,2,2,1,1,3,1,4,1
41,5,4,2,2,2,2,3,1,1,1,3,1,7,1
42,4,4,4,4,4,4,4,4,1,2,3,1,3,3
43,6,2,4,4,6,6,6,2,1,1,3,1,2,1
44,4,3,2,1,2,5,5,3,1,2,3,1,7,1
45,1,1,2,1,1,3,3,1,1,2,3,1,2,3
46,4,3,3,3,4,4,4,3,1,2,3,1,3,2
47,5,2,1,1,3,4,4,1,2,2,5,1,3,1
48,4,3,4,3,3,4,3,3,1,1,3,1,4,3
49,1,4,4,2,4,5,4,1,1,2,3,1,7,1
50,4,4,4,3,4,3,3,3,1,2,4,1,7,3
51,4,3,3,3,3,3,3,1,1,2,3,1,7,1
52,3,4,4,3,1,4,1,1,1,2,3,1,3,1
53,5,3,2,1,5,4,2,1,1,2,4,1,4,1
54,6,3,4,3,3,6,3,3,1,2,4,1,1,1
55,1,1,1,1,1,1,1,1,1,2,4,1,3,2
56,5,1,1,3,4,5,3,1,1,2,4,1,1,1
57,5,5,3,3,3,5,4,1,1,2,4,1,2,3
58,5,3,4,3,5,5,4,4,1,2,4,1,1,1
59,5,4,5,4,3,3,4,5,1,2,4,1,3,3
60,5,5,5,5,5,5,5,1,1,2,4,1,1,1
61,4,3,3,3,5,5,4,1,1,2,4,1,1,2
62,5,2,1,2,4,5,5,1,1,2,4,1,7,3
63,5,4,5,5,6,5,6,1,1,2,4,1,4,2
64,4,1,1,1,4,3,3,1,1,2,4,1,1,3
65,4,4,4,1,1,1,1,1,1,2,5,1,4,3
66,5,2,3,2,5,5,5,1,1,2,5,1,1,1
67,3,2,2,NA,6,6,6,3,1,2,5,1,3,3
68,5,1,4,4,4,1,1,1,1,2,5,1,4,2
69,5,2,2,2,5,5,5,2,1,2,5,1,1,2
70,4,NA,4,6,6,NA,6,4,1,1,2,15,7,2
71,1,1,1,1,1,1,1,1,1,2,5,1,4,3
72,5,3,4,3,4,5,4,1,1,2,5,1,7,1
73,3,2,2,2,2,2,2,1,1,2,5,1,1,3
74,1,1,4,3,1,1,1,1,1,2,6,1,1,2
75,5,6,4,5,5,4,3,3,1,2,6,1,3,2
76,4,3,5,2,4,5,4,1,1,2,6,1,3,1
77,3,3,3,3,3,3,3,3,1,2,6,1,7,2
78,4,4,4,2,2,4,3,2,2,1,1,1,5,2
79,4,3,3,2,2,5,5,3,2,1,2,1,1,2
80,5,3,3,2,2,2,4,1,2,1,2,1,4,3
81,4,4,4,4,4,4,4,4,2,2,4,1,2,2
82,6,3,2,2,3,5,5,1,2,1,2,1,2,3
83,5,3,1,1,2,3,4,2,2,1,2,1,5,1
84,1,2,4,1,1,1,2,1,2,1,2,1,7,2
85,3,1,4,1,1,4,2,2,2,1,2,1,2,2
86,5,1,1,1,5,5,1,1,2,1,2,1,5,2
87,4,4,4,3,3,3,3,2,2,2,3,1,6,1
88,4,5,4,5,4,4,5,4,2,2,3,1,6,1
89,6,3,2,3,3,3,3,3,2,2,3,1,3,2
90,4,4,3,3,3,3,4,3,2,2,3,1,2,1
91,5,1,1,4,4,4,4,4,2,2,3,1,3,1
92,5,3,3,4,5,5,5,2,2,2,3,1,6,1
93,5,4,3,2,2,4,4,2,2,2,4,1,6,1
94,4,3,3,3,3,5,3,2,2,2,4,1,6,1
95,4,NA,2,1,3,5,4,2,2,2,4,8,6,1
96,1,4,5,2,1,4,4,1,2,2,4,1,6,1
97,6,6,5,5,6,6,5,3,2,2,4,1,6,2
98,6,3,5,4,3,4,5,1,2,1,4,1,7,1
99,5,4,3,2,4,5,5,1,2,2,4,1,4,3
100,4,3,5,4,4,5,5,1,2,2,5,1,6,1
101,4,4,2,1,1,4,4,1,2,2,6,1,6,1
102,4,2,2,1,1,1,4,1,2,1,1,1,5,1
103,2,4,4,1,3,3,3,4,2,1,1,1,5,1
104,3,5,3,5,6,3,6,1,2,1,1,1,5,1
105,1,1,2,1,1,4,4,1,2,1,1,1,5,1
106,5,3,1,3,1,1,2,4,2,1,1,1,5,1
107,4,2,1,1,1,1,1,1,2,1,1,1,5,1
108,4,4,4,3,4,4,5,2,2,1,1,1,5,1
109,3,4,1,1,1,4,4,4,2,1,1,1,5,1
110,3,6,6,4,3,3,2,3,2,1,1,1,5,1
111,2,2,2,3,5,1,1,3,2,1,2,1,2,1
112,3,2,2,2,2,3,3,2,2,1,2,1,3,2
113,3,3,4,4,4,4,4,1,2,1,2,1,5,1
114,1,5,1,3,2,4,4,2,2,1,2,1,5,1
115,2,4,3,3,3,4,3,2,2,1,2,1,5,2
116,3,1,1,1,1,1,1,1,2,1,2,1,5,3
117,4,2,2,3,3,3,3,3,2,2,2,1,6,3
118,1,1,1,1,1,1,1,1,2,1,2,1,4,3
119,2,2,2,2,2,2,2,2,2,1,2,1,2,1
120,5,2,3,3,3,3,3,3,2,1,2,1,5,2
121,4,1,2,4,3,4,4,4,2,1,2,1,3,1
122,4,3,5,4,3,4,5,3,2,2,2,1,2,1
123,3,3,3,3,3,3,3,1,2,2,2,1,6,1
124,4,3,4,4,5,4,4,4,2,1,2,1,4,3
125,3,4,3,2,2,4,3,1,2,2,2,1,6,1
126,1,5,4,5,4,3,5,1,2,1,2,1,4,2
127,4,4,3,2,2,4,4,3,2,2,2,1,1,2
128,2,2,2,2,2,2,2,2,2,2,3,1,6,1
129,3,3,3,3,3,3,3,3,2,2,3,1,3,1
130,5,2,2,2,2,5,2,2,2,2,3,1,2,3
131,5,5,5,5,5,5,5,4,2,2,3,1,3,3
132,4,5,1,2,2,1,2,1,2,2,2,1,6,1
133,4,2,1,2,2,4,4,1,2,1,3,1,4,2
134,5,6,3,5,3,4,6,6,2,2,3,1,6,1
135,1,2,1,1,1,1,1,1,2,1,3,1,4,3
136,5,5,5,5,5,5,5,5,2,2,4,1,7,1
137,4,4,3,3,3,4,5,4,2,2,4,1,1,3
138,5,4,5,1,5,4,5,5,2,2,3,1,6,3
139,6,4,2,2,5,5,4,2,2,2,3,1,3,3
140,5,3,3,1,1,5,5,1,1,2,4,1,3,1
141,6,3,3,3,3,4,4,3,2,2,4,1,6,2
142,3,3,3,3,2,4,3,3,2,2,4,1,6,2
143,4,3,3,4,4,4,4,1,2,2,4,1,6,1
144,5,4,6,5,4,4,3,5,2,2,4,1,4,1
145,5,2,2,2,4,5,5,1,2,2,4,1,4,1
146,6,1,3,3,3,4,4,1,2,2,4,1,2,3
147,6,3,6,1,5,5,4,1,2,2,4,1,6,2
148,5,4,5,4,3,4,4,3,2,2,4,1,3,1
149,5,3,3,3,3,5,5,3,2,2,4,1,2,1
150,6,6,4,5,6,6,6,6,2,2,5,1,3,2
151,4,4,4,4,4,4,4,4,2,2,4,1,6,1
152,3,2,3,2,3,2,2,2,2,2,4,1,4,1
153,5,1,2,2,5,5,5,1,2,2,4,1,3,3
154,3,3,1,3,3,1,3,1,2,2,4,1,4,2
155,3,3,6,6,1,1,1,1,2,1,5,1,1,1
156,5,5,5,4,4,4,4,3,2,2,5,1,4,1
157,4,3,1,1,2,6,3,1,2,2,4,1,3,2
158,5,4,3,3,5,4,4,2,2,2,5,1,4,3
159,6,4,5,4,6,5,5,1,2,2,5,1,6,1
160,3,5,2,2,2,2,2,2,2,2,5,1,6,1
161,4,4,4,4,4,4,4,4,2,2,5,1,4,1
162,0,0,0,0,0,0,0,0,2,2,5,1,3,3
163,5,5,5,2,1,1,3,1,2,2,5,1,3,3
164,4,4,1,4,4,3,4,1,2,2,5,1,4,2
165,1,1,1,1,1,1,1,1,2,2,6,1,3,2
166,3,4,2,3,2,1,3,1,2,2,6,1,4,3
167,1,1,1,2,4,1,1,1,2,1,1,2,5,3
168,4,3,3,2,1,3,1,1,2,1,2,2,5,2
169,4,4,1,6,2,4,4,2,2,1,2,2,3,1
170,1,4,2,3,2,1,1,1,2,1,2,2,5,2
171,5,5,5,5,3,5,5,3,2,2,2,2,6,1
172,6,4,4,3,4,6,4,4,2,2,2,2,6,2
173,4,4,4,1,4,5,4,1,2,1,3,2,7,2
174,5,5,5,5,5,5,5,5,2,2,4,2,4,1
175,3,4,3,4,2,3,3,1,2,2,4,2,6,1
176,5,5,4,5,4,5,5,3,2,1,1,2,7,2
177,6,3,1,4,4,5,6,4,2,1,1,2,5,1
178,5,5,2,2,2,2,3,3,2,2,2,2,6,2
179,5,5,3,3,3,3,2,1,2,1,2,2,5,3
180,4,5,5,5,2,3,3,2,2,1,2,2,7,3
181,5,4,5,5,4,4,4,4,2,2,3,2,3,2
182,3,2,5,2,4,6,3,3,2,1,3,2,3,3
183,5,5,5,3,3,3,3,5,2,2,3,2,4,3
184,4,3,3,4,2,3,4,1,2,2,3,2,3,1
185,6,5,4,3,3,5,3,1,2,2,4,2,2,1
186,6,2,6,2,6,6,5,5,2,2,4,2,4,1
187,5,2,2,2,3,5,4,6,2,2,4,2,6,1
188,5,5,4,4,4,5,4,4,2,2,4,2,3,3
189,5,5,3,4,4,4,4,2,2,2,4,2,3,1
190,3,4,4,3,2,4,4,1,2,2,4,2,3,1
191,4,4,4,4,6,6,6,3,2,2,4,2,6,2
192,2,3,2,2,3,4,4,1,2,2,5,2,3,1
193,6,4,1,1,1,4,4,1,2,2,5,2,4,1
194,6,6,1,1,5,2,4,1,2,2,5,2,6,2
195,5,3,5,3,4,4,5,4,2,2,5,2,6,2
196,6,4,2,3,3,4,4,1,2,2,5,2,3,2
197,6,4,4,4,4,4,4,4,2,2,5,2,3,2
198,6,6,1,2,4,4,4,1,2,2,5,2,6,2
199,3,6,3,3,2,2,5,2,2,2,5,2,6,2
200,6,6,5,5,5,5,5,1,2,2,5,2,7,2
201,4,5,3,4,4,4,3,1,2,2,6,2,3,1
202,4,5,2,2,2,2,4,2,2,2,6,2,6,2
203,6,5,1,3,1,2,3,1,2,2,6,2,6,3
204,1,3,3,4,1,6,4,1,2,2,6,2,6,1
205,3,4,4,3,4,2,3,2,1,1,1,2,5,2
206,3,5,4,6,4,3,3,2,1,1,2,2,5,3
207,4,1,1,1,4,1,4,1,1,1,2,2,1,2
208,5,4,2,4,5,5,5,1,1,2,5,2,1,1
209,6,3,1,4,4,6,4,1,1,2,6,2,7,1
210,1,1,1,1,1,1,1,1,1,1,1,2,5,3
211,4,2,6,2,2,6,2,2,1,1,1,2,5,2
212,5,5,5,5,5,5,5,5,1,1,1,2,7,1
213,5,4,4,4,4,4,4,3,1,1,2,2,2,2
214,4,2,4,4,4,4,3,1,1,1,2,2,3,1
215,6,2,4,5,4,4,2,1,1,1,2,2,5,1
216,5,4,3,2,3,4,4,1,1,1,2,2,2,2
217,1,1,2,4,6,1,1,1,1,1,2,2,3,2
218,0,0,0,0,0,0,0,0,1,1,2,2,3,2
219,3,1,1,1,4,3,3,1,1,1,2,2,2,2
220,5,2,6,1,4,1,1,1,1,2,3,2,4,1
221,5,1,5,3,5,5,3,1,1,1,2,2,4,2
222,5,3,3,3,4,6,4,2,1,1,3,2,7,2
223,5,3,4,3,5,4,4,3,1,2,3,2,2,3
224,6,5,1,1,1,4,1,1,1,2,3,2,4,3
225,6,4,4,4,4,4,3,2,1,2,4,2,1,1
226,5,4,3,3,5,4,4,2,1,2,4,2,3,2
227,5,2,2,2,3,2,2,1,1,2,4,2,4,2
228,4,4,2,3,5,3,2,1,1,2,4,2,7,2
229,5,6,2,3,5,5,4,1,1,2,5,2,1,1
230,5,1,1,1,1,3,1,1,1,2,5,2,1,2
231,6,6,4,4,4,4,4,1,1,2,6,2,3,2
232,2,3,3,3,4,3,3,1,1,1,1,3,5,1
233,5,4,3,3,5,5,4,1,1,2,3,3,2,1
234,4,3,3,3,5,4,4,3,2,2,3,1,6,1
235,5,4,4,4,4,5,5,1,1,2,4,3,1,1
236,6,1,3,3,5,6,1,1,1,2,4,3,2,1
237,3,1,3,3,3,3,3,4,1,2,4,3,4,1
238,NA,NA,1,5,NA,6,NA,6,1,2,5,3,7,1
239,0,0,0,0,0,0,0,0,1,1,1,3,5,3
240,4,3,4,4,5,4,3,2,1,1,2,3,3,1
241,4,2,4,2,4,4,2,2,1,1,2,3,4,1
242,4,3,5,1,5,5,5,1,1,1,2,3,4,2
243,3,3,3,2,4,5,4,1,1,1,2,3,5,1
244,4,1,2,1,3,5,4,1,1,1,2,3,5,3
245,5,4,1,5,3,4,5,2,1,1,2,3,5,1
246,4,4,4,4,4,4,4,4,1,2,2,3,1,2
247,4,1,1,1,1,1,1,1,1,1,2,3,4,1
248,4,4,1,1,6,6,2,1,1,1,3,3,2,1
249,2,2,2,2,2,3,3,3,1,2,3,3,2,3
250,0,0,0,0,0,0,0,0,1,1,3,3,4,2
251,6,2,2,4,5,3,5,2,1,2,3,3,1,2
252,5,3,3,4,4,4,4,2,1,2,3,3,3,1
253,5,2,2,2,5,5,3,1,1,2,4,3,2,2
254,6,4,3,3,5,5,5,2,1,2,4,3,7,1
255,4,2,2,2,4,4,2,2,1,2,4,3,2,1
256,4,1,1,3,1,5,1,1,1,2,4,3,4,1
257,6,5,1,1,4,3,3,1,2,1,2,3,5,1
258,5,5,5,5,5,4,4,3,2,2,3,3,6,1
259,5,3,5,2,2,5,3,5,2,2,3,3,4,2
260,6,4,1,1,3,3,2,1,2,2,4,3,6,1
261,5,3,3,3,4,5,4,1,2,2,4,3,3,1
262,4,4,3,4,5,4,4,1,2,2,5,3,6,1
263,2,2,2,2,2,2,2,2,2,1,1,3,5,1
264,2,4,2,2,3,2,3,1,2,1,1,3,5,1
265,4,4,1,3,1,1,1,1,2,1,1,3,5,1
266,4,5,4,5,2,2,2,2,2,1,2,3,5,2
267,1,1,1,1,1,3,1,1,2,1,2,3,5,1
268,5,4,4,5,3,4,5,5,2,2,2,3,3,2
269,2,3,4,3,2,3,3,3,2,1,2,3,4,1
270,3,3,2,2,2,3,4,4,2,2,2,3,6,2
271,5,4,6,5,4,3,4,1,2,1,2,3,7,1
272,4,3,2,2,4,3,3,4,2,2,3,3,3,1
273,3,4,4,3,3,3,3,3,2,2,3,3,6,2
274,6,4,1,3,3,4,4,3,2,2,3,3,6,2
275,3,2,1,2,3,3,2,2,2,2,4,3,3,1
276,5,5,5,5,3,3,5,3,2,2,4,3,3,1
277,3,5,6,1,1,1,1,6,2,2,4,3,4,2
278,4,4,4,4,3,3,3,3,2,2,4,3,7,1
279,3,3,3,3,3,3,3,3,2,2,5,3,6,1
280,3,5,3,3,3,3,3,3,2,2,5,3,6,1
281,4,5,1,4,2,2,2,2,2,2,5,3,3,1
282,5,6,5,4,5,6,5,1,2,2,5,3,4,2
283,4,5,4,3,3,3,5,4,1,1,1,4,5,1
284,1,1,1,1,1,1,1,1,1,1,2,4,3,1
285,5,5,5,2,3,6,5,1,1,1,2,8,2,1
286,4,2,4,2,4,4,4,1,1,2,3,4,2,1
287,5,2,2,2,2,2,2,2,1,2,3,4,3,3
288,5,1,1,1,5,5,2,2,1,2,3,4,2,1
289,6,5,1,5,5,5,6,6,1,2,5,4,4,3
290,6,6,1,4,4,4,4,1,1,2,6,4,7,1
291,3,3,3,4,3,3,3,3,1,1,1,4,5,1
292,3,4,4,4,3,3,3,3,1,1,2,4,5,3
293,1,6,6,1,3,5,1,1,1,1,2,4,2,1
294,3,3,3,3,1,2,2,2,1,1,2,4,4,1
295,1,6,6,6,5,5,3,1,1,1,2,4,4,3
296,1,1,1,1,1,1,1,1,1,1,3,4,1,1
297,3,3,3,2,3,4,3,2,1,1,2,4,3,3
298,4,3,3,2,5,5,2,1,1,2,3,4,2,1
299,4,2,2,4,2,2,2,2,1,2,3,4,1,3
300,0,0,0,0,0,0,0,0,1,2,4,4,3,1
301,5,2,2,2,3,3,2,1,1,2,4,4,4,1
302,5,1,5,2,5,4,3,2,1,2,4,4,4,1
303,5,4,5,3,6,5,4,1,1,2,4,4,3,1
304,5,2,2,3,3,3,3,3,1,2,5,4,7,1
305,5,5,2,3,5,2,4,1,1,2,5,4,4,3
306,3,3,3,2,3,4,3,3,2,1,1,4,5,1
307,6,1,3,3,3,6,4,3,2,1,1,4,5,1
308,4,1,4,4,4,4,4,3,2,2,3,4,2,1
309,NA,NA,NA,NA,NA,NA,NA,NA,2,2,3,4,6,3
310,3,2,2,2,3,4,4,4,1,2,3,4,3,2
311,5,4,4,4,4,3,3,5,2,2,3,4,6,2
312,5,5,3,5,1,4,4,1,2,2,4,4,3,2
313,6,4,3,5,3,6,6,1,2,2,4,4,7,3
314,4,4,2,4,3,3,5,1,2,2,6,4,6,1
315,NA,NA,NA,NA,1,NA,NA,NA,2,1,1,4,5,2
316,2,3,2,4,2,2,3,1,2,1,1,4,5,1
317,5,3,4,4,4,5,3,1,2,1,2,4,5,1
318,5,4,2,3,4,3,3,2,2,1,2,4,2,3
319,1,1,1,1,1,1,1,1,2,2,2,4,6,1
320,5,4,3,3,4,4,4,3,2,2,2,4,6,1
321,5,1,3,3,3,5,5,1,2,2,3,4,6,1
322,5,3,2,4,3,5,5,4,2,2,3,4,7,1
323,3,3,2,4,3,4,3,3,2,2,2,4,4,3
324,5,4,5,4,4,4,5,6,2,2,3,4,3,1
325,4,3,4,4,5,3,3,4,2,2,3,4,3,2
326,3,3,3,3,3,3,3,3,2,2,4,4,6,3
327,5,5,5,5,5,5,5,5,2,2,4,4,3,1
328,5,6,1,1,1,1,5,1,2,2,6,4,6,2
329,2,5,2,2,2,4,4,1,2,2,6,4,6,3
330,2,2,2,2,2,4,3,2,1,1,1,5,5,2
331,3,3,3,3,3,3,3,3,1,1,2,5,4,3
332,3,3,3,3,3,3,3,3,1,1,2,5,3,2
333,6,3,4,3,4,4,4,3,1,2,5,5,1,1
334,5,5,3,6,2,2,2,2,1,1,1,5,5,1
335,5,6,5,6,6,5,4,3,1,1,1,5,5,1
336,1,3,5,6,6,3,2,3,1,1,1,5,5,1
337,4,4,3,4,4,3,4,2,1,1,2,5,4,1
338,4,4,4,3,3,2,3,4,1,1,3,5,4,3
339,5,1,1,1,6,1,1,1,1,2,3,5,1,3
340,3,2,2,2,4,4,3,3,1,2,3,5,4,1
341,6,2,6,2,5,6,6,1,1,2,4,5,2,1
342,5,4,3,4,4,3,3,3,1,2,4,5,3,1
343,6,3,1,1,3,6,5,1,1,2,4,5,4,2
344,5,4,1,3,4,4,4,1,1,2,4,5,3,2
345,5,5,5,5,5,5,5,1,1,2,5,5,3,2
346,3,3,5,5,4,5,5,4,1,2,5,5,3,1
347,4,4,3,4,4,3,3,1,1,2,6,5,7,2
348,4,2,1,2,1,1,1,1,2,1,1,5,5,1
349,4,3,4,4,4,4,4,4,2,2,3,5,6,1
350,4,4,3,4,3,5,5,2,2,2,5,5,3,2
351,4,3,4,3,2,2,3,2,2,1,1,5,5,1
352,5,4,2,2,3,6,4,2,2,1,1,5,5,1
353,3,4,3,5,3,2,3,2,2,1,2,5,2,2
354,3,4,3,4,3,2,2,2,2,1,2,5,7,1
355,5,5,3,3,3,4,4,3,2,1,2,5,3,2
356,3,4,3,4,3,2,3,4,2,2,3,5,6,1
357,5,3,1,2,2,5,4,1,2,2,3,5,6,2
358,4,4,4,3,3,5,4,2,2,2,3,5,6,2
359,5,3,4,4,3,4,3,4,2,2,4,5,6,1
360,4,4,4,3,3,4,4,1,2,2,4,5,6,1
361,6,2,5,1,3,6,4,1,2,2,4,5,4,2
362,5,3,3,3,2,3,4,2,2,2,4,5,1,1
363,4,5,1,4,1,1,4,1,2,2,5,5,3,2
364,5,5,2,3,3,5,5,1,2,2,5,5,6,1
365,5,4,3,4,1,1,4,1,2,2,5,5,4,2
366,5,1,1,1,1,1,1,1,2,2,6,5,6,1
367,4,4,4,1,4,1,4,2,1,1,3,6,4,3
368,5,4,3,2,4,4,3,1,1,2,4,6,4,1
369,1,3,2,2,2,1,2,2,1,1,1,6,5,1
370,5,3,3,3,3,3,3,3,1,1,1,6,5,3
371,6,2,4,4,5,4,3,3,1,1,2,6,5,1
372,2,2,2,2,2,2,2,2,1,1,2,6,7,1
373,1,1,1,1,1,1,1,1,1,1,2,6,4,1
374,3,1,1,4,4,1,4,1,1,2,3,6,1,3
375,4,4,4,3,4,4,4,1,1,1,3,6,3,2
376,4,3,2,4,4,4,3,2,1,2,3,6,4,2
377,5,3,3,3,4,5,4,3,1,2,3,6,2,3
378,4,4,2,4,4,4,3,4,1,2,4,6,7,1
379,6,3,3,6,5,5,6,2,1,2,4,6,1,3
380,5,4,4,3,6,4,4,1,1,2,4,6,3,1
381,4,6,1,3,5,6,6,1,1,2,4,6,4,1
382,5,5,2,3,2,3,5,1,1,2,4,6,4,2
383,4,5,3,5,3,5,1,6,1,2,5,6,3,1
384,5,5,3,2,4,6,2,1,1,2,5,6,4,2
385,4,6,6,3,6,6,6,1,1,2,5,6,1,2
386,3,3,2,2,3,4,3,1,1,2,5,6,7,2
387,3,2,4,3,4,5,5,1,2,2,3,6,2,1
388,4,2,1,1,4,5,3,4,2,2,3,6,6,3
389,3,4,4,2,3,3,4,5,2,2,4,6,6,1
390,5,2,3,4,3,5,4,1,2,2,4,6,6,1
391,6,4,1,3,3,5,6,1,2,2,4,6,3,1
392,3,1,1,1,2,2,2,3,2,2,3,6,3,3
393,5,3,2,2,5,5,4,2,2,2,3,6,3,1
394,4,5,1,1,1,3,1,1,2,2,4,6,6,1
395,6,6,4,4,5,6,6,1,2,2,4,6,3,1
396,3,1,1,1,1,1,1,1,2,2,5,6,4,2
397,6,6,4,3,3,5,5,2,2,2,6,6,6,3
398,1,1,1,1,1,1,1,1,1,1,1,7,5,1
399,5,3,5,3,2,5,5,1,1,2,3,7,3,1
400,5,3,2,1,5,5,5,2,1,2,3,7,3,1
401,2,3,3,5,4,3,3,3,1,1,1,7,5,1
402,3,3,3,3,3,2,2,2,1,1,1,7,5,1
403,2,2,4,4,3,2,2,2,1,1,1,7,5,2
404,4,5,5,3,4,5,4,4,1,1,2,7,5,2
405,5,5,5,5,5,4,4,2,1,1,2,7,2,2
406,1,3,3,4,3,3,2,3,1,1,2,7,4,1
407,6,3,3,4,4,4,5,4,1,2,4,7,1,2
408,6,1,1,5,5,5,4,1,1,2,4,7,3,1
409,2,3,1,1,1,1,1,1,2,1,1,7,5,3
410,6,1,1,5,1,2,1,1,2,2,4,7,6,2
411,5,5,5,3,3,3,5,3,2,2,4,7,2,1
412,4,6,1,5,3,NA,NA,NA,2,2,5,7,4,3
413,5,3,5,3,4,3,3,2,2,1,2,7,5,1
414,5,3,4,2,3,3,4,1,2,1,2,7,1,2
415,2,5,4,4,2,2,2,4,2,2,2,7,6,2
416,3,4,4,3,3,3,3,2,2,2,3,7,4,1
417,4,3,5,4,3,5,4,5,2,2,3,7,6,3
418,5,4,3,4,2,3,4,2,2,2,5,7,6,1
419,5,5,5,4,4,4,4,4,2,2,5,7,6,2
420,4,4,1,2,1,4,4,1,2,2,6,7,6,1
421,3,2,2,4,1,1,1,1,1,1,1,8,5,3
422,3,3,3,3,5,5,5,3,1,1,1,8,5,1
423,6,5,2,1,5,2,3,2,1,1,1,8,5,2
424,3,3,2,1,3,3,3,1,1,1,1,8,5,1
425,1,1,1,1,1,1,1,1,1,1,2,8,5,1
426,3,2,1,3,2,1,2,1,1,1,2,8,5,1
427,1,NA,NA,NA,NA,NA,NA,NA,1,2,2,8,4,3
428,4,3,3,4,4,5,4,3,1,1,2,8,5,1
429,3,1,3,1,3,5,4,1,1,2,2,8,5,1
430,5,3,3,4,4,5,5,3,1,1,3,8,7,2
431,3,3,4,2,3,3,3,1,1,1,3,8,3,1
432,5,3,5,3,4,4,3,5,1,2,3,8,1,1
433,6,5,5,5,6,6,5,5,1,2,4,8,2,3
434,5,5,3,4,4,1,4,1,1,2,5,8,3,1
435,6,5,NA,NA,5,NA,5,NA,1,2,5,8,3,1
436,6,2,5,4,4,6,1,1,1,2,5,8,4,1
437,4,4,3,4,5,5,5,2,1,2,5,8,4,3
438,1,1,1,1,1,1,1,1,1,1,1,8,5,1
439,1,1,3,1,2,1,1,1,1,1,1,8,5,1
440,1,1,5,1,1,1,1,1,1,1,1,8,4,3
441,2,2,2,2,2,2,2,2,1,1,1,8,5,1
442,2,4,4,6,4,2,4,4,1,1,1,8,5,1
443,4,4,4,4,4,4,4,4,1,2,3,8,4,1
444,3,3,3,3,3,3,3,3,1,1,2,8,2,1
445,3,3,3,3,3,4,4,1,1,1,2,8,4,1
446,0,0,0,0,0,0,0,0,1,1,2,8,5,3
447,3,1,2,2,2,2,2,2,1,1,2,1,5,1
448,0,0,0,0,0,0,0,0,1,1,2,8,5,3
449,1,1,1,1,5,1,1,2,1,1,2,8,4,2
450,3,3,3,3,6,3,2,1,1,1,2,8,3,2
451,4,3,5,3,3,3,3,3,1,1,2,8,3,3
452,6,5,5,5,6,6,3,1,1,1,2,8,5,2
453,3,3,3,3,3,3,3,3,1,1,2,8,5,2
454,2,3,3,2,3,3,2,3,1,1,2,8,2,1
455,4,2,2,1,4,4,1,1,1,1,2,8,2,2
456,5,3,3,3,5,5,5,1,1,1,2,8,2,1
457,5,2,2,3,3,4,4,1,1,2,3,8,3,3
458,4,2,4,4,4,4,4,2,1,1,3,8,4,2
459,4,4,1,3,5,5,2,4,1,1,3,8,4,1
460,0,0,0,0,0,0,0,0,1,2,3,8,2,2
461,5,1,1,1,1,1,1,1,1,2,3,8,2,3
462,6,3,3,3,4,4,5,5,1,2,3,8,1,3
463,5,2,2,3,2,3,2,2,1,2,3,8,2,3
464,3,2,4,3,6,5,4,2,1,2,3,8,2,2
465,4,5,2,1,5,1,1,1,1,1,3,8,3,3
466,6,1,2,3,2,4,1,1,1,2,3,8,4,1
467,5,3,4,2,5,6,4,1,1,1,3,8,2,1
468,2,3,2,2,2,3,2,2,1,2,3,8,3,1
469,5,1,1,5,5,5,4,1,1,2,3,8,1,3
470,6,4,4,4,3,4,4,1,1,2,3,8,4,2
471,5,3,4,3,6,6,5,3,1,1,3,8,2,3
472,4,4,3,3,5,5,3,2,1,2,3,8,4,1
473,2,3,3,1,5,5,4,1,1,2,4,8,1,3
474,0,0,0,0,0,0,0,0,1,2,4,8,2,3
475,4,4,4,4,4,4,1,1,1,2,4,8,1,1
476,5,5,4,5,5,5,5,2,1,2,4,8,4,3
477,6,1,3,3,5,6,1,1,1,2,4,8,3,3
478,4,1,1,1,3,1,1,1,1,2,4,8,1,1
479,4,1,1,1,2,3,2,1,1,2,4,8,1,1
480,3,2,4,3,4,3,3,2,1,2,4,8,4,3
481,4,3,4,3,3,5,4,1,1,2,4,8,7,1
482,5,4,5,4,5,5,4,2,1,2,4,8,2,1
483,6,2,3,2,4,5,5,1,1,2,4,8,2,1
484,5,3,3,2,3,5,4,1,1,2,4,8,4,1
485,2,5,2,5,4,2,4,4,1,2,4,8,7,1
486,3,4,3,2,5,5,3,1,1,2,4,8,3,1
487,4,2,4,3,3,5,2,2,1,2,4,8,1,3
488,4,2,3,2,6,2,4,1,1,2,4,8,4,3
489,6,4,5,5,3,5,5,2,1,2,5,8,3,1
490,3,4,3,3,3,3,3,2,1,1,5,8,4,3
491,5,3,2,2,3,3,3,1,1,2,5,8,4,1
492,2,4,3,2,4,5,4,4,1,2,5,8,7,3
493,4,1,1,1,4,3,3,1,1,2,5,8,4,3
494,5,5,4,5,5,5,5,1,1,2,5,8,4,3
495,3,5,2,6,5,5,5,1,1,2,6,8,7,1
496,5,1,1,2,4,5,3,1,1,2,6,8,7,2
497,6,3,6,2,3,6,6,1,1,2,6,8,3,1
498,3,1,1,1,1,4,3,1,2,1,1,8,5,1
499,4,2,2,2,3,3,3,2,2,1,1,8,5,3
500,1,1,1,1,1,1,1,1,2,1,1,8,5,1
501,3,4,4,4,2,2,2,3,2,1,2,8,3,3
502,3,1,2,2,2,3,3,1,2,1,2,8,2,3
503,5,1,3,1,3,3,2,1,2,1,2,8,5,1
504,5,1,3,1,3,5,2,2,2,2,2,8,6,1
505,1,4,3,2,4,1,5,4,2,2,3,8,6,3
506,5,4,5,2,2,6,6,6,2,2,3,8,2,1
507,5,4,4,3,4,3,3,3,2,1,3,8,3,1
508,4,3,3,2,3,5,5,2,2,2,3,8,6,1
509,5,3,5,3,2,3,5,1,2,1,3,8,3,1
510,5,2,4,5,5,NA,5,1,2,2,3,8,4,1
511,4,5,3,2,4,4,4,1,2,2,3,8,6,1
512,NA,2,3,2,2,6,6,3,2,2,3,8,3,1
513,4,3,3,3,1,3,4,3,2,2,3,8,4,1
514,5,2,5,1,2,3,3,2,2,2,4,8,3,1
515,4,2,4,4,4,4,3,4,2,2,4,8,6,1
516,1,4,2,3,2,4,4,1,2,2,4,8,6,1
517,6,5,1,4,6,6,6,2,2,2,5,8,6,1
518,5,3,3,4,3,5,5,2,2,2,6,8,6,1
519,4,4,4,6,5,5,5,5,2,1,1,8,5,1
520,3,4,4,4,2,3,3,2,2,1,1,8,7,3
521,3,3,1,1,3,5,3,1,2,1,1,8,5,1
522,5,1,1,1,1,1,1,1,2,1,1,8,5,3
523,1,1,1,1,1,1,1,1,2,1,1,8,5,1
524,3,3,3,3,3,3,3,3,2,1,1,8,5,1
525,5,1,1,1,4,6,6,1,2,1,1,8,5,1
526,4,4,1,2,4,4,4,3,2,1,2,8,2,1
527,3,3,3,3,3,4,3,1,2,2,2,8,6,1
528,3,4,2,2,2,5,3,2,2,2,2,8,6,1
529,6,1,1,2,6,1,4,5,2,2,2,8,3,1
530,3,5,5,5,4,5,6,4,2,2,2,8,6,3
531,2,3,3,3,3,3,3,3,2,1,2,8,2,3
532,4,4,2,4,4,3,4,1,2,2,3,8,6,1
533,2,2,2,2,2,2,2,2,2,2,3,8,1,1
534,5,3,3,1,2,4,4,4,2,2,3,8,6,3
535,5,1,2,1,2,5,1,2,2,1,3,8,4,1
536,4,2,2,1,2,5,5,5,2,2,3,8,6,1
537,4,5,5,5,4,5,4,4,2,2,3,8,6,1
538,4,4,5,3,5,6,5,3,2,2,3,8,6,1
539,6,3,2,3,3,4,4,2,2,2,3,8,4,1
540,2,1,1,1,1,NA,1,1,2,2,3,8,4,1
541,2,4,1,1,1,1,4,1,2,2,3,8,1,3
542,5,4,4,3,4,4,2,2,2,2,3,8,4,1
543,2,2,2,2,5,2,2,5,2,2,3,8,1,1
544,4,1,1,1,1,3,2,3,2,2,3,8,6,1
545,5,2,4,5,1,5,3,1,2,1,3,8,1,3
546,3,4,5,2,2,2,2,4,2,2,3,8,6,1
547,5,5,1,3,5,5,4,1,2,2,3,8,4,1
548,5,3,5,2,2,2,2,1,2,2,4,8,3,1
549,4,4,5,5,3,4,4,2,2,2,4,8,3,3
550,4,4,4,4,4,4,4,4,2,2,4,8,2,1
551,4,1,1,1,1,1,1,1,2,2,4,8,6,2
552,4,3,3,3,2,2,4,1,2,2,5,8,3,3
553,6,4,3,3,1,4,4,1,2,2,5,8,3,2
554,5,5,1,6,1,1,4,1,2,2,6,8,6,1
555,4,4,2,2,5,4,4,4,2,2,6,8,6,3
556,5,4,2,3,4,3,4,1,2,2,6,8,7,1
557,5,2,1,1,2,2,6,1,2,2,6,8,6,1
558,2,5,2,4,3,2,2,2,2,2,6,8,6,2
559,3,3,5,2,2,4,3,5,1,1,2,9,5,3
560,5,2,2,2,1,6,5,1,1,1,3,9,4,2
561,5,5,6,5,5,5,5,NA,1,2,4,9,3,2
562,6,5,2,NA,5,3,2,1,1,2,5,9,7,2
563,5,4,1,3,5,4,4,3,1,2,5,9,3,2
564,3,1,1,1,1,1,1,1,1,1,1,9,5,2
565,3,2,2,2,3,4,2,1,1,1,1,9,4,2
566,3,3,3,3,3,3,3,3,1,1,1,9,5,2
567,2,1,5,1,1,5,2,2,1,1,2,9,5,1
568,4,4,4,4,3,4,4,4,1,1,2,9,4,2
569,3,1,2,3,6,4,2,2,1,1,2,9,5,1
570,3,3,3,3,3,3,3,3,1,1,2,9,5,2
571,5,4,4,4,5,3,3,2,1,2,3,9,2,1
572,4,1,1,1,1,1,1,1,1,2,3,9,2,1
573,5,4,3,3,5,5,4,1,1,1,3,9,3,2
574,5,4,3,3,5,4,4,3,1,2,3,9,4,1
575,5,3,4,3,5,3,3,1,1,2,3,9,3,1
576,0,0,0,0,0,0,0,0,1,2,4,9,3,3
577,0,0,0,0,0,0,0,0,1,2,4,9,2,1
578,6,6,6,1,6,6,6,1,1,2,4,9,3,1
579,6,5,5,5,6,4,4,1,1,2,6,9,4,2
580,5,3,3,3,4,5,4,1,1,2,6,9,3,2
581,5,1,2,5,3,3,3,2,2,1,1,9,5,1
582,5,3,NA,1,4,5,3,1,2,1,1,9,5,3
583,4,2,3,2,4,5,5,3,2,1,2,9,5,3
584,5,3,3,3,NA,5,3,3,2,2,3,9,4,1
585,6,1,1,2,2,5,5,1,2,2,3,9,6,1
586,2,6,1,1,1,1,5,1,2,2,4,9,4,1
587,3,4,2,2,2,3,4,1,2,2,4,9,6,1
588,6,5,1,5,2,1,6,1,2,2,5,9,6,2
589,1,2,3,2,2,2,2,2,2,1,1,9,7,2
590,5,3,3,3,5,5,4,2,2,1,1,9,5,1
591,3,4,5,5,5,4,4,4,2,1,2,9,3,3
592,2,2,2,2,1,1,4,1,2,1,2,9,4,2
593,3,4,3,3,1,2,4,1,2,1,2,9,4,2
594,3,3,3,2,3,1,1,1,2,1,2,9,4,2
595,1,3,1,2,1,5,1,1,2,1,2,9,5,1
596,2,4,3,4,2,4,5,1,2,1,2,9,3,1
597,3,2,5,2,1,3,3,1,2,1,3,9,4,2
598,5,3,5,4,3,3,3,4,2,1,3,9,7,2
599,1,1,2,2,2,4,2,1,2,2,3,9,2,2
600,1,1,1,1,1,4,NA,1,2,2,3,9,1,1
601,6,6,3,6,6,5,5,1,2,2,4,9,7,2
602,3,4,3,4,4,5,4,1,2,2,4,9,3,3
603,4,4,4,4,2,2,2,2,2,2,5,9,3,1
604,5,4,3,1,6,4,4,1,1,2,3,10,3,2
605,4,2,4,1,1,5,2,1,1,2,4,10,3,1
606,6,6,6,6,6,6,6,1,1,2,5,10,3,1
607,3,6,5,6,6,1,1,5,1,1,1,10,5,3
608,3,3,3,3,3,3,3,3,1,1,1,10,5,2
609,1,1,1,1,1,1,1,1,1,1,1,10,5,1
610,4,3,2,1,2,3,2,1,1,1,1,10,5,3
611,4,3,3,3,3,4,3,1,1,1,2,10,5,3
612,2,4,2,1,3,5,3,1,1,1,2,10,3,3
613,2,3,2,3,2,3,2,3,1,1,3,10,1,2
614,5,2,1,1,5,2,3,1,1,2,3,10,7,2
615,4,1,1,1,2,3,3,1,1,2,3,10,1,1
616,6,2,1,1,6,6,1,1,1,2,3,10,3,2
617,5,3,3,2,5,5,4,3,1,2,4,10,1,1
618,3,4,4,4,5,5,5,1,1,1,4,10,3,2
619,4,2,6,1,3,6,5,1,1,2,4,10,4,2
620,4,4,3,3,2,2,2,2,1,2,5,10,1,1
621,4,3,2,2,3,4,3,2,1,2,5,10,4,2
622,5,6,5,4,4,4,4,1,1,2,6,10,7,2
623,2,6,1,5,1,4,4,3,2,1,1,10,5,1
624,6,6,2,4,4,6,6,6,2,2,4,9,3,2
625,5,1,1,1,1,6,5,1,2,1,2,10,3,3
626,5,4,1,3,3,3,4,1,2,2,3,10,6,1
627,4,3,3,3,4,4,3,2,2,2,3,10,2,1
628,5,4,4,3,3,3,2,2,2,2,5,10,6,2
629,3,5,5,4,3,4,3,3,2,1,1,10,5,2
630,3,3,3,3,3,3,3,3,2,1,1,10,5,3
631,3,3,2,3,2,2,2,2,2,1,1,10,5,2
632,4,3,3,3,4,5,5,1,2,1,1,10,7,2
633,4,2,2,4,2,2,2,1,2,1,2,10,1,2
634,3,3,3,2,5,3,3,1,2,1,2,10,2,2
635,3,3,3,2,4,3,4,4,2,1,2,10,3,1
636,5,4,4,4,4,4,4,1,2,2,3,10,4,1
637,3,3,2,3,5,3,2,3,2,2,3,10,2,2
638,6,5,3,5,1,3,1,1,2,2,4,10,3,3
639,5,5,4,5,3,3,4,3,2,2,3,10,6,1
640,4,1,2,1,5,4,4,1,2,2,4,10,6,2
641,6,6,4,4,5,3,4,2,2,2,5,10,7,2
642,4,1,2,3,4,4,4,1,2,2,5,10,6,2
643,5,5,3,4,4,3,3,1,2,2,6,10,6,2
644,6,3,1,3,4,5,3,1,1,2,5,11,3,3
645,5,3,3,3,4,3,3,1,1,1,1,11,7,2
646,6,4,4,4,6,5,6,3,1,1,1,11,5,2
647,3,2,3,2,4,2,3,1,1,1,1,11,5,1
648,2,2,2,1,1,5,2,1,1,1,1,11,7,1
649,4,4,3,3,4,6,5,2,1,1,2,11,2,2
650,3,3,5,3,5,5,5,1,1,1,2,11,4,1
651,4,1,2,2,3,3,3,1,1,1,2,11,5,2
652,3,2,2,2,3,2,2,1,1,1,2,11,4,1
653,6,1,3,4,2,6,6,1,1,1,2,11,1,2
654,3,1,1,2,2,6,2,1,1,1,2,11,5,3
655,3,4,3,2,3,5,3,3,1,2,3,11,1,1
656,5,5,4,1,5,5,5,1,1,2,3,11,3,3
657,5,4,4,4,5,6,4,1,1,2,4,11,3,2
658,5,5,5,4,4,5,5,4,1,2,3,11,3,2
659,2,3,3,2,1,1,1,1,1,2,4,11,3,3
660,3,3,3,3,2,2,2,2,1,2,4,11,3,1
661,6,6,6,6,6,6,6,6,1,2,5,11,4,1
662,5,2,2,2,2,2,3,2,1,2,6,11,3,1
663,0,0,0,0,0,0,0,0,2,1,2,11,5,3
664,3,1,2,3,1,3,1,1,2,2,2,11,6,1
665,5,4,4,3,3,2,2,2,2,1,1,11,5,3
666,6,3,1,1,1,1,1,1,2,1,2,11,3,3
667,4,1,3,1,1,3,3,3,2,2,3,11,1,3
668,3,3,2,2,2,3,3,3,2,2,3,11,6,1
669,5,5,5,5,5,5,5,5,2,2,3,11,4,1
670,5,4,2,3,1,4,5,1,2,2,3,11,6,2
671,6,5,4,5,5,6,5,3,2,2,5,11,4,2
672,6,6,6,5,5,5,5,1,2,2,5,11,6,2
673,5,4,2,3,3,3,3,1,2,2,6,11,7,2
674,6,1,1,4,4,4,3,3,2,2,6,11,6,2
675,3,3,3,3,3,2,2,2,2,2,6,11,6,1
676,4,3,2,2,2,1,2,2,2,2,4,11,6,1
677,6,1,4,3,4,6,4,2,1,2,3,12,4,1
678,6,4,4,3,4,6,5,3,1,2,4,12,3,1
679,5,4,2,3,5,6,6,2,1,2,4,12,4,1
680,4,5,4,4,4,4,4,2,1,2,5,12,3,2
681,5,1,1,1,4,1,1,1,1,1,2,12,7,1
682,3,4,1,1,4,5,2,1,1,1,2,12,4,3
683,5,5,5,5,5,5,5,5,1,1,2,12,7,1
684,6,3,2,2,6,3,3,3,1,1,2,12,2,2
685,4,2,1,1,3,3,3,1,1,2,4,12,3,1
686,3,4,1,1,3,5,1,1,1,2,4,12,7,1
687,6,1,1,1,5,4,4,1,1,2,4,12,4,1
688,6,4,4,4,4,4,4,1,1,2,5,12,1,1
689,6,6,1,5,1,1,1,1,1,2,5,12,7,2
690,6,4,2,3,6,6,4,1,1,2,5,12,4,2
691,6,3,1,6,5,6,5,1,2,2,3,12,6,1
692,4,4,3,5,4,4,4,3,2,2,5,12,6,2
693,5,6,6,2,2,2,2,1,2,2,6,12,7,2
694,2,1,1,1,2,3,3,1,2,1,1,12,5,3
695,4,5,6,5,3,4,3,3,2,1,1,12,5,1
696,5,3,3,5,2,3,5,1,2,1,2,12,2,2
697,3,1,1,4,5,5,6,4,2,1,2,12,5,1
698,5,5,4,3,4,3,5,1,2,2,2,12,6,1
699,4,4,4,4,4,4,4,3,2,2,3,12,1,1
700,5,5,5,5,5,3,3,4,2,2,3,12,4,2
701,5,5,2,2,2,2,5,3,2,2,3,12,1,1
702,4,4,2,2,3,4,3,3,2,2,4,12,2,1
703,6,3,5,3,4,6,3,2,2,2,4,12,6,1
704,6,6,5,6,3,4,4,6,2,2,4,13,6,1
705,3,6,1,3,2,5,3,1,2,2,4,12,6,3
706,4,5,5,5,3,1,4,1,2,2,5,12,4,1
707,4,3,4,3,2,2,3,3,2,2,5,12,6,2
708,5,5,5,5,5,5,4,5,1,2,3,12,4,1
709,4,4,4,5,3,5,5,4,2,2,5,12,6,2
710,3,3,5,2,5,5,3,1,1,1,2,13,1,3
711,5,4,6,4,3,3,2,2,1,1,2,13,3,2
712,3,4,4,3,3,3,3,3,1,2,2,13,2,2
713,5,4,5,5,5,5,5,5,1,2,3,13,4,1
714,6,5,4,3,5,1,5,4,1,2,4,13,7,2
715,4,3,3,2,5,4,3,3,1,2,4,13,1,2
716,6,5,1,1,5,5,5,1,1,2,4,13,4,2
717,1,1,1,1,1,1,1,1,1,2,4,13,1,1
718,6,1,4,4,5,5,4,1,1,2,5,13,3,2
719,6,1,3,2,3,5,2,2,2,1,1,13,5,3
720,3,5,2,4,2,2,2,1,2,1,2,13,7,2
721,5,5,5,5,2,4,5,3,2,2,3,13,2,1
722,6,NA,NA,NA,5,6,5,3,2,2,5,13,4,1
723,5,4,6,6,3,3,3,6,2,1,1,13,5,1
724,3,3,3,3,3,3,3,3,2,1,1,13,5,1
725,2,2,2,3,2,3,4,3,2,2,2,13,4,1
726,2,2,2,2,2,2,2,2,2,1,2,13,5,2
727,4,3,2,2,2,3,5,2,2,2,2,13,6,1
728,5,4,1,1,1,4,4,1,2,2,3,13,2,1
729,2,2,5,2,2,5,5,1,2,2,3,13,6,1
730,2,4,5,5,5,6,4,4,2,2,4,13,3,1
731,4,6,3,2,2,4,2,3,2,2,4,13,7,2
732,2,4,3,2,1,1,4,1,2,2,5,13,3,2
733,3,4,2,4,2,2,3,1,2,2,5,13,7,2
734,3,4,1,3,1,1,4,1,2,2,6,13,6,2
735,3,1,1,1,4,3,2,1,1,1,2,14,5,1
736,3,2,3,3,4,4,3,3,1,2,2,14,3,1
737,6,3,2,3,1,5,2,2,1,2,3,14,1,1
738,5,2,3,2,4,3,1,1,1,2,3,3,3,1
739,1,1,1,1,4,4,1,1,1,2,4,14,2,1
740,5,4,1,1,4,4,3,1,1,2,4,14,3,1
741,5,5,4,4,3,4,3,3,1,2,4,14,4,1
742,5,2,NA,NA,5,4,5,1,1,2,4,14,1,2
743,4,1,3,3,3,4,3,3,1,1,1,14,5,3
744,1,2,2,3,3,4,1,1,1,1,1,14,5,2
745,4,3,4,3,2,3,4,1,1,1,2,14,7,2
746,5,3,3,2,4,5,5,2,1,2,3,14,1,1
747,3,3,3,4,4,4,3,1,1,2,3,14,2,1
748,5,2,3,3,3,4,2,1,1,2,3,14,4,1
749,4,3,3,3,4,4,4,2,1,2,3,14,3,1
750,3,4,1,4,5,3,1,1,1,1,3,14,7,2
751,5,4,4,4,5,5,5,3,1,2,4,14,1,1
752,6,4,3,4,3,3,3,4,1,2,4,14,3,3
753,5,3,3,3,5,5,1,2,1,2,4,14,7,2
754,3,5,3,3,3,3,3,3,1,2,4,14,7,2
755,4,4,4,4,4,4,4,2,1,2,4,14,4,1
756,6,4,4,4,5,3,4,2,1,2,5,14,4,1
757,5,4,5,5,4,4,4,4,1,2,5,14,3,2
758,6,6,4,4,6,4,4,2,1,2,5,14,3,2
759,4,3,3,4,3,3,4,2,1,2,6,14,4,1
760,1,3,3,2,4,1,1,1,2,1,1,14,5,1
761,4,4,1,1,1,3,4,1,2,2,2,14,6,1
762,5,5,4,5,3,5,5,3,2,2,3,15,7,2
763,4,1,2,1,5,3,6,3,2,2,3,14,1,1
764,5,4,5,5,5,3,4,3,2,2,4,14,6,1
765,3,1,3,2,3,5,3,5,2,1,2,14,5,1
766,5,5,5,5,5,5,5,5,2,1,1,14,5,1
767,3,3,2,3,1,1,2,1,2,1,2,14,3,2
768,5,3,3,3,3,3,3,3,2,2,2,14,6,3
769,2,2,3,1,3,4,3,1,2,2,2,14,2,3
770,4,3,3,4,3,3,4,3,2,2,2,14,2,2
771,3,3,1,1,2,3,1,1,2,1,2,14,1,1
772,3,3,3,3,3,5,3,3,2,2,3,14,3,1
773,6,4,2,2,3,3,4,2,2,2,3,14,2,1
774,3,4,3,4,4,3,4,5,2,2,3,14,6,2
775,4,3,2,3,3,3,4,1,2,2,3,14,7,2
776,6,1,1,1,1,6,6,1,2,2,3,14,4,2
777,6,6,6,6,6,6,6,6,2,2,4,14,4,1
778,5,4,5,4,4,4,4,4,2,2,4,14,6,1
779,4,4,4,2,2,2,2,2,2,2,4,14,3,3
780,4,3,3,3,3,3,4,2,2,2,4,14,6,2
781,5,1,1,3,1,6,6,2,2,2,4,14,7,1
782,3,4,4,2,5,4,3,2,2,2,4,14,6,2
783,5,4,3,4,5,5,5,5,2,2,4,14,6,2
784,6,3,1,3,1,1,3,1,2,2,6,14,7,2
785,1,1,1,1,4,4,1,1,1,1,1,15,5,1
786,4,6,6,5,2,2,2,2,1,1,2,15,5,1
787,4,4,4,5,5,5,5,3,1,2,3,15,4,1
788,5,3,3,3,5,4,5,2,1,2,3,15,2,1
789,4,4,4,3,3,2,2,2,1,2,5,15,7,2
790,5,5,5,3,3,3,3,5,1,1,1,15,5,2
791,4,5,5,4,4,4,4,3,1,1,1,15,5,2
792,1,1,1,4,1,1,1,1,1,1,1,15,5,2
793,3,3,3,4,4,3,3,2,1,1,2,15,2,2
794,4,4,4,4,4,4,4,4,1,1,2,15,5,3
795,5,3,5,3,5,5,5,3,1,1,2,15,1,1
796,5,3,3,3,4,5,4,1,1,2,3,15,1,2
797,5,4,3,3,4,3,5,1,1,1,3,15,2,1
798,4,3,4,3,4,3,3,3,1,2,3,15,3,3
799,4,2,2,2,2,4,4,2,1,2,3,15,4,3
800,5,5,5,5,5,4,5,1,1,2,4,15,3,1
801,5,5,5,3,5,4,4,3,1,2,4,15,4,2
802,5,3,3,3,5,5,3,1,1,2,4,15,2,2
803,5,4,3,3,3,2,3,2,1,2,4,15,7,1
804,5,5,2,4,5,5,4,1,1,2,5,15,7,2
805,3,3,3,3,3,3,3,1,1,2,5,15,3,1
806,5,4,6,1,6,3,5,6,1,2,6,15,1,2
807,1,3,4,3,1,4,4,1,1,2,6,15,7,1
808,6,3,3,3,5,6,3,3,2,2,4,15,4,1
809,6,2,2,2,2,2,3,4,2,2,4,15,7,2
810,5,3,2,3,4,5,4,2,2,2,4,15,4,1
811,5,5,1,1,5,5,1,1,2,2,5,15,4,2
812,4,2,2,2,2,3,3,2,2,1,1,15,5,1
813,4,3,2,5,4,3,2,3,2,1,2,15,3,1
814,3,3,2,2,2,1,1,2,2,1,2,15,4,2
815,4,4,4,4,4,4,4,2,2,1,2,15,2,2
816,3,3,3,4,3,3,3,3,2,1,2,15,4,2
817,5,5,5,5,5,5,5,5,1,1,2,15,4,3
818,5,4,5,2,2,5,3,4,2,2,3,15,6,2
819,5,3,3,3,3,3,3,3,2,2,4,15,4,1
820,5,3,4,2,3,5,5,1,2,2,4,15,1,1
821,3,3,3,3,3,3,3,3,2,2,4,15,1,2
822,4,4,3,3,3,4,4,1,2,2,4,15,6,1
823,4,4,4,3,3,4,4,3,2,2,5,15,6,2
824,4,6,2,2,2,2,2,1,2,2,5,15,6,3
825,6,5,3,3,2,4,5,2,2,2,5,15,6,2
826,2,6,6,5,4,4,4,1,2,2,6,15,3,2
827,4,5,5,2,2,3,4,2,2,2,6,15,6,2
828,3,2,2,2,4,4,2,2,1,2,3,16,3,2
829,6,2,2,2,4,4,2,2,1,1,1,16,5,2
830,2,1,1,1,5,1,3,1,1,1,1,16,5,2
831,2,3,2,3,3,1,1,4,1,1,1,16,7,2
832,4,4,1,1,4,3,1,1,1,1,2,16,5,3
833,5,2,2,5,4,4,4,4,1,1,3,16,4,3
834,3,1,1,2,3,5,3,1,1,1,3,16,2,2
835,3,3,3,2,3,3,2,2,1,2,3,16,3,3
836,5,5,2,3,6,4,5,1,1,2,4,16,4,2
837,4,1,2,2,5,3,2,2,1,2,4,16,7,2
838,5,1,4,2,3,4,3,1,1,2,5,16,3,2
839,6,1,3,1,6,6,1,1,1,2,6,16,3,2
840,4,4,2,4,4,2,1,1,2,1,1,16,5,2
841,4,1,1,1,4,4,3,1,2,1,1,16,5,2
842,3,1,2,2,3,3,3,1,2,1,2,16,5,2
843,5,5,5,5,5,5,5,5,2,2,3,16,4,3
844,4,4,4,4,3,3,5,1,2,2,3,16,6,1
845,4,5,5,1,1,1,3,2,2,1,3,16,7,2
846,6,5,5,5,5,5,5,5,2,2,4,16,3,2
847,4,2,1,1,1,1,1,1,2,2,4,16,7,3
848,6,4,2,3,2,4,4,1,2,2,5,16,6,2
849,3,2,2,5,2,2,2,1,2,2,6,16,6,2
850,4,4,3,5,6,5,5,3,1,2,6,9,7,2
851,4,5,1,4,1,1,1,4,2,1,1,1,5,3
852,6,4,NA,3,3,6,2,1,1,2,4,1,4,3
853,4,5,3,3,4,4,4,2,2,2,3,1,2,1
854,5,4,4,3,5,5,5,4,1,2,3,1,1,3
855,1,4,4,4,4,4,4,1,1,2,4,1,7,2
856,4,4,5,5,3,5,3,4,2,2,4,1,1,3
857,6,4,5,4,4,5,5,5,2,2,3,1,6,3
858,0,0,0,0,0,0,0,0,2,2,4,1,4,2
859,1,3,3,3,4,5,4,4,1,2,4,1,4,3
860,5,4,3,3,3,3,3,3,2,2,4,1,6,1
861,5,3,3,3,3,3,3,3,2,2,4,1,1,1
862,5,4,3,4,4,6,2,2,2,2,2,1,6,3
863,5,3,1,1,5,1,1,1,1,1,3,1,4,3
864,2,2,2,2,2,2,2,2,1,2,3,1,1,2
865,6,1,5,4,6,6,5,1,1,2,5,1,4,3
866,4,3,2,3,2,3,3,1,2,1,2,4,3,1
867,5,3,3,1,5,5,5,4,2,2,5,4,3,2
868,4,3,4,3,5,4,5,1,2,1,2,4,7,2
869,5,3,3,1,1,1,1,1,1,2,4,2,2,2
870,5,3,5,4,5,4,4,1,1,1,2,2,2,2
871,5,1,5,1,1,6,1,1,2,2,3,2,7,1
872,2,2,2,2,2,2,2,2,2,2,2,2,4,3
873,4,4,3,4,4,3,4,2,2,2,3,2,1,1
874,4,4,2,3,3,2,4,2,2,2,4,2,4,2
875,4,4,2,2,2,3,3,3,2,2,5,2,7,2
876,4,4,5,3,3,4,5,4,2,2,3,3,6,3
877,5,4,4,4,5,5,5,1,1,2,4,3,1,2
878,4,4,4,4,4,4,4,4,1,1,3,3,4,2
879,1,1,1,1,1,1,1,1,2,1,1,3,5,1
880,3,3,3,3,3,3,3,3,1,2,3,3,1,1
881,6,6,2,4,4,4,4,1,1,2,5,3,4,3
882,5,5,5,5,5,5,5,5,2,2,5,3,3,2
883,2,5,3,1,1,1,1,1,2,2,2,5,6,1
884,5,2,2,2,3,4,5,1,1,2,6,13,3,2
885,3,5,4,5,4,2,5,3,1,1,1,5,5,1
886,5,5,2,2,4,2,3,1,1,2,5,5,7,2
887,5,5,6,3,4,5,5,1,1,2,4,5,1,2
888,5,2,1,1,4,5,6,1,2,1,2,6,2,2
889,3,2,4,3,3,3,3,1,1,1,2,6,4,2
890,6,4,4,3,5,6,4,2,1,2,5,6,2,1
891,6,5,2,3,5,6,5,3,2,2,3,7,6,1
892,5,2,2,2,2,2,2,2,2,2,3,8,1,1
893,2,1,3,1,1,1,1,1,2,1,1,8,3,3
894,3,3,3,3,3,3,3,3,2,2,3,8,3,1
895,5,3,4,3,5,5,5,3,1,2,4,8,1,1
896,4,4,5,5,5,5,6,2,1,2,4,8,7,2
897,3,2,2,2,2,4,4,2,2,1,2,10,2,1
898,5,4,4,3,1,1,4,2,1,2,4,10,1,2
899,4,4,4,4,4,4,4,4,1,2,2,10,1,1
900,3,4,4,4,4,4,4,4,2,2,2,10,4,1
901,4,2,2,2,4,4,3,2,2,1,1,11,5,1
902,5,3,1,1,4,4,4,1,2,2,3,11,3,1
903,5,4,2,4,6,4,5,1,1,2,4,11,4,2
904,6,NA,NA,NA,NA,NA,NA,NA,1,2,6,11,7,2
905,1,1,1,1,1,1,5,6,1,1,1,11,5,2
906,2,1,1,1,1,1,1,1,2,2,3,11,2,1
907,3,2,2,2,2,2,3,1,2,2,4,11,4,2
908,5,4,3,3,5,4,4,4,1,2,3,12,4,1
909,3,3,3,3,3,4,3,2,1,1,3,12,5,1
910,5,5,5,5,5,2,3,2,2,1,2,13,2,2
911,3,1,1,1,1,1,1,1,1,1,2,13,2,2
912,4,4,3,3,5,3,3,2,2,2,4,12,4,1
913,3,3,3,3,3,3,3,3,1,1,3,12,7,2
914,4,1,1,1,4,4,1,1,1,2,2,14,2,3
915,4,3,3,2,4,4,5,2,1,2,3,14,3,2
916,4,4,4,4,4,4,4,4,2,2,3,14,2,2
917,3,2,3,2,2,2,3,2,2,1,1,14,5,2
918,4,4,3,4,5,4,3,3,2,2,3,14,4,2
919,6,6,5,3,2,4,4,1,2,2,4,15,3,2
920,5,2,2,2,3,2,2,2,1,1,3,15,3,2
921,6,1,1,1,4,5,5,1,1,2,6,15,4,1
922,5,1,1,1,2,5,2,1,2,2,3,9,4,1
923,4,4,3,3,3,2,3,2,2,2,3,9,6,2
924,5,4,4,5,4,5,5,1,2,2,3,9,1,1
925,4,3,3,3,4,4,4,1,2,2,3,9,2,2
926,1,2,3,3,3,3,3,3,1,1,2,9,2,3
927,5,5,3,4,4,4,4,1,2,2,5,9,6,2
928,4,4,4,4,4,4,4,3,1,1,1,9,5,1
929,3,3,5,3,3,5,5,1,2,2,3,16,3,2
930,3,1,3,2,5,2,1,1,1,1,2,16,4,3
931,3,3,3,3,3,3,2,2,2,1,1,16,5,1
932,3,1,4,6,5,4,2,2,1,1,1,8,5,2
933,6,4,2,2,1,4,3,2,2,2,3,8,4,1
934,1,1,3,3,1,1,4,1,2,2,2,8,6,3
935,6,1,2,4,3,4,5,2,2,2,3,8,6,1
936,5,4,3,4,3,2,6,5,2,2,3,8,3,1
937,1,4,1,1,1,3,2,1,2,1,2,8,2,1
938,5,4,3,5,2,4,5,1,2,2,4,8,3,2
939,6,3,3,4,1,5,1,2,2,2,2,8,6,1
940,4,5,3,3,3,5,1,1,2,2,3,8,4,1
941,5,5,3,3,5,4,4,1,2,2,5,8,6,1
942,4,1,3,1,4,4,2,NA,1,2,3,8,2,2
943,3,3,2,1,2,3,3,3,2,1,1,8,5,1
944,5,2,1,1,3,2,3,1,2,1,2,2,5,2
945,5,5,5,5,5,5,5,5,1,2,4,2,4,1
946,2,2,2,2,2,2,2,2,2,1,2,8,4,2
947,2,2,2,2,2,2,2,2,2,1,2,8,3,3
948,4,4,3,4,3,3,4,1,2,2,3,8,6,3
949,1,1,1,1,1,1,1,1,2,1,1,8,5,3
950,3,3,3,3,3,3,3,3,1,2,3,8,4,1
951,3,1,3,4,2,4,4,1,2,2,3,8,4,1
952,5,3,3,3,1,5,5,1,1,2,3,4,2,3
953,5,5,5,5,5,5,5,5,1,1,1,1,5,1
954,3,3,4,2,3,5,4,2,1,2,3,4,4,1
955,5,5,3,4,5,5,5,1,1,2,4,14,2,1
956,4,2,1,2,4,3,3,4,1,2,2,1,3,1
957,3,3,3,3,3,3,3,3,1,1,2,12,5,3
958,4,3,3,2,4,4,3,1,2,2,3,14,6,1
959,6,4,1,1,1,4,1,1,1,2,4,2,2,2
960,4,4,4,3,6,2,2,1,1,1,1,13,5,2
961,4,3,5,4,6,5,4,5,1,2,3,8,3,3
962,4,4,4,1,2,5,4,1,2,2,3,14,1,1
963,1,1,1,1,1,1,1,1,2,1,2,3,4,1
964,4,2,2,2,2,2,3,3,1,2,4,8,4,1
965,4,3,2,2,1,6,5,1,2,2,2,5,7,1
966,6,3,4,4,4,5,5,5,2,2,4,11,1,1
967,4,3,3,3,4,3,3,3,1,2,3,1,1,1
968,6,6,6,6,6,6,6,1,2,2,4,4,3,3
969,5,3,4,3,5,5,6,5,2,2,3,1,6,1
970,5,1,1,3,5,4,3,5,1,2,3,8,4,1
971,4,4,3,4,4,4,4,3,2,2,4,15,6,3
972,4,5,1,1,1,5,1,1,1,1,2,15,5,1
973,4,2,3,3,5,4,4,2,1,2,3,8,4,3
974,4,3,3,3,2,4,4,4,2,2,3,8,1,1
975,4,4,5,3,4,6,4,4,2,2,3,8,3,2
976,3,3,3,3,3,3,3,3,1,2,5,1,4,3
977,3,3,3,2,4,4,2,2,1,2,5,1,3,2
978,4,2,2,2,2,4,3,2,2,1,2,1,5,1
979,3,3,3,3,3,3,3,3,1,2,4,8,4,1
980,3,3,3,3,3,3,3,3,2,1,1,8,3,1
981,4,5,5,5,3,4,5,2,2,1,2,1,5,3
982,3,3,1,3,4,2,1,1,1,1,2,1,3,2
983,5,2,2,3,1,5,3,1,1,1,2,8,5,1
984,6,4,5,5,3,5,5,2,2,2,5,2,6,2
985,4,2,3,3,2,4,3,2,2,1,2,2,5,2
986,4,4,4,3,3,3,3,4,1,2,4,16,3,1
987,3,4,3,3,4,4,3,3,1,1,2,2,5,2
988,5,3,5,3,4,5,4,2,1,2,3,1,2,1
989,4,4,4,4,5,5,3,1,1,1,2,4,5,1
990,4,4,5,4,6,4,3,1,1,2,3,16,1,1
991,3,3,3,3,3,3,3,3,1,1,2,8,4,1
992,6,2,2,2,3,6,5,2,1,1,3,8,4,2
993,5,4,4,3,5,6,4,4,1,2,4,8,4,1
994,5,2,3,1,3,5,5,1,1,2,5,8,4,3
995,4,4,3,4,2,2,4,1,1,2,6,8,7,2
996,3,3,3,3,3,4,4,1,1,1,2,8,4,1
997,3,4,3,3,4,3,3,3,1,1,2,8,4,2
998,2,2,2,2,2,2,2,2,1,1,2,8,4,1
999,5,4,3,3,4,4,3,3,1,2,3,8,7,1
1000,4,4,5,4,6,4,3,1,1,2,3,16,1,1
